name,kind,size_bytes,sha256,project,action,destination,reason,duplicate_of,applied,note
.git,dir,0,,other,REVIEW,,Unclassified directory,,False,
.gitignore,file,520,14b8481d6f96f4e1fee9a9c648eaf6d2e661dbc12c52a58cfb6c2bb14446d2af,other,KEEP_ROOT,,Repository-level file,,False,
.pytest_cache,dir,0,,cache,DELETE_SAFE,,Re-creatable cache directory,,False,
.venv,dir,0,,core,KEEP_ROOT,,Core directory,,False,
031_pmpd_v5_thread_handoff_9j_vwap_event_path_v2 (1).sql,file,1434,0bdcba5bc13c9667e7166761e44a6c79f89c50f8721a201471db5d0aafe3f4a1,pmpd,MOVE_SAFE,C:\Users\DirtySouth\TradingResearch\sql\pmpd\031_pmpd_v5_thread_handoff_9j_vwap_event_path_v2 (1).sql,SQL belongs under sql/<project>,,False,
15M_ORB_Post_Breakout_Research_Build_6_0_2_CSV_Export_VISIBILITY_FIX.pine,file,198151,f70659560f9006f21ed640f04bd25a99d9ccd750a25d5228038e47b139a9ff92,orb,REVIEW_CODE_MOVE,C:\Users\DirtySouth\TradingResearch\pine\orb\15M_ORB_Post_Breakout_Research_Build_6_0_2_CSV_Export_VISIBILITY_FIX.pine,Source move may break paths/imports; review first,,False,
15M_ORB_Post_Breakout_Research_Build_6_0_V1_1_CSV_Export_FIX.pine,file,197600,fd4cbfa1c9ce6bb88864085c7e8d720e2e06d9917f7b785074dbb0354e39dfea,orb,REVIEW_CODE_MOVE,C:\Users\DirtySouth\TradingResearch\pine\orb\15M_ORB_Post_Breakout_Research_Build_6_0_V1_1_CSV_Export_FIX.pine,Source move may break paths/imports; review first,,False,
15M_ORB_Post_Breakout_Research_Build_6_0_V1_CSV_Export.pine,file,197539,6530db3b8efb556ebddb02b5862e0575fa141d83e0508c5a3d29f962b517497a,orb,REVIEW_CODE_MOVE,C:\Users\DirtySouth\TradingResearch\pine\orb\15M_ORB_Post_Breakout_Research_Build_6_0_V1_CSV_Export.pine,Source move may break paths/imports; review first,,False,
6_2.pine,file,204789,e18927f14da36304df860c11b0d0b69fb4a063d780cdfc42fa7d091f67591c39,orb,REVIEW_CODE_MOVE,C:\Users\DirtySouth\TradingResearch\pine\orb\6_2.pine,Source move may break paths/imports; review first,,False,
__pycache__,dir,0,,cache,DELETE_SAFE,,Re-creatable cache directory,,False,
a56_1g_raw_bar_audit_v1.py,file,6328,82fc8ff829948a3d5d1b5335ec2d1bf2784d9bb76426c7facab2994e09dfb7f1,second1m,REVIEW_CODE_MOVE,C:\Users\DirtySouth\TradingResearch\scripts\second1m\a56_1g_raw_bar_audit_v1.py,Source move may break paths/imports; review first,,False,
acquire_second1m_alt_entry_dia.py,file,17636,d8ac981acd58bcd4deee508c5c7712b0f4750ea42688789643b20c00efd555ec,second1m,REVIEW_CODE_MOVE,C:\Users\DirtySouth\TradingResearch\scripts\second1m\acquire_second1m_alt_entry_dia.py,Source move may break paths/imports; review first,,False,
acquire_second1m_alt_entry_universe.py,file,33545,730bfe7ce21a5cfd58491daacaec8e3f13a67ab0e4e4c9417393f9af8290c276,second1m,REVIEW_CODE_MOVE,C:\Users\DirtySouth\TradingResearch\scripts\second1m\acquire_second1m_alt_entry_universe.py,Source move may break paths/imports; review first,,False,
Alternative_C2_AE2_Core_Parity_A56_1B_FIX1.pine,file,8927,b58b19899f02870d4383ee449c7e9f21acbf9bfa2922faac8ffa923950b48f70,second1m,REVIEW_CODE_MOVE,C:\Users\DirtySouth\TradingResearch\pine\second1m\Alternative_C2_AE2_Core_Parity_A56_1B_FIX1.pine,Source move may break paths/imports; review first,,False,
archive,dir,0,,core,KEEP_ROOT,,Core directory,,False,
archive_second1m_market_benchmark_raw.py,file,6372,b4418567e6c0c766e6928b890efb6ebb99eb92dfa69686ddc7de377bce57fec0,second1m,REVIEW_CODE_MOVE,C:\Users\DirtySouth\TradingResearch\scripts\second1m\archive_second1m_market_benchmark_raw.py,Source move may break paths/imports; review first,,False,
audit_9m_2026_local_inventory.py,file,2368,3a0ba3e021277e0e9a3c4283b97a9dd828f87ea8473578a274707e36951ec939,other,REVIEW_CODE_MOVE,C:\Users\DirtySouth\TradingResearch\scripts\other\audit_9m_2026_local_inventory.py,Source move may break paths/imports; review first,,False,
audit_9m_2026_symbol_partitions.py,file,4474,84892dfe2b83988a9fc34eef271baae1a8db2a0a255446a0eafe3b91384d903d,other,REVIEW_CODE_MOVE,C:\Users\DirtySouth\TradingResearch\scripts\other\audit_9m_2026_symbol_partitions.py,Source move may break paths/imports; review first,,False,
audit_9m_2026_symbol_partitions_v2.py,file,4800,a213c052e9849e37d843a82103688030268831b586e4afe691231f9f8ab760a9,other,REVIEW_CODE_MOVE,C:\Users\DirtySouth\TradingResearch\scripts\other\audit_9m_2026_symbol_partitions_v2.py,Source move may break paths/imports; review first,,False,
audit_9m_engine_interfaces.py,file,3584,df6d6169156f04fef8de56a16dbb88578b2b755506814e2b3f0a841aae68167d,other,REVIEW_CODE_MOVE,C:\Users\DirtySouth\TradingResearch\scripts\other\audit_9m_engine_interfaces.py,Source move may break paths/imports; review first,,False,
audit_9n_3i_24case_market_data_coverage.py,file,6756,2483fb1a3e84c6f4486a9895952cb88eb7aae4ff91107eb9983e7f3030ceab5c,market_data,REVIEW_CODE_MOVE,C:\Users\DirtySouth\TradingResearch\scripts\market_data\audit_9n_3i_24case_market_data_coverage.py,Source move may break paths/imports; review first,,False,
audit_9n_3j_alternate_market_data_sources.py,file,7974,767fb9d6ed10cc45dd721506d00b3fa5d8f67890d57a3c165e9d18cd32b3d8ff,market_data,REVIEW_CODE_MOVE,C:\Users\DirtySouth\TradingResearch\scripts\market_data\audit_9n_3j_alternate_market_data_sources.py,Source move may break paths/imports; review first,,False,
audit_9n_machine_readable_pine_export_interface_v1.py,file,2253,c4203c9a5a1b2554e9701b9d74d83c4267c5f84b738c70d8d57ff082c357a43f,other,REVIEW_CODE_MOVE,C:\Users\DirtySouth\TradingResearch\scripts\other\audit_9n_machine_readable_pine_export_interface_v1.py,Source move may break paths/imports; review first,,False,
audit_9n_preserved_tv_parity_evidence_v1.py,file,4561,cf4e7936b9c755b078ad2397f07f2cab415d05acd4b0e714c38c38fe33dc9f0b,other,REVIEW_CODE_MOVE,C:\Users\DirtySouth\TradingResearch\scripts\other\audit_9n_preserved_tv_parity_evidence_v1.py,Source move may break paths/imports; review first,,False,
audit_9n_v4_runner_forensics.py,file,2632,3c925c767964b460c943b22833350937deef502b860de817994cd005be9dbc79,other,REVIEW_CODE_MOVE,C:\Users\DirtySouth\TradingResearch\scripts\other\audit_9n_v4_runner_forensics.py,Source move may break paths/imports; review first,,False,
audit_a37_geometry_candidate_robustness_v1.py,file,4153,96e65052bf5a47911ad9e72a3d0827cede7c0761e216a29bf768fd6389b80aa8,second1m,REVIEW_CODE_MOVE,C:\Users\DirtySouth\TradingResearch\scripts\second1m\audit_a37_geometry_candidate_robustness_v1.py,Source move may break paths/imports; review first,,False,
audit_a37_geometry_redundancy_interactions_v1.py,file,8360,81afe9d6054d34fe5d6316f1740c765031d2599313df64ede271a207f3d65b2f,second1m,REVIEW_CODE_MOVE,C:\Users\DirtySouth\TradingResearch\scripts\second1m\audit_a37_geometry_redundancy_interactions_v1.py,Source move may break paths/imports; review first,,False,
audit_a37_geometry_survivor_temporal_direction_v1.py,file,3910,5c928d647383a3a876091a0eef3a8267923bf4b9136a891762c358d9919ddf3d,second1m,REVIEW_CODE_MOVE,C:\Users\DirtySouth\TradingResearch\scripts\second1m\audit_a37_geometry_survivor_temporal_direction_v1.py,Source move may break paths/imports; review first,,False,
audit_a37_session_level_geometry_replication_v1.py,file,5710,4f2cba8beafa59c245c81ede4ea28f0236cae604dab72ef6cf970661da59dedd,second1m,REVIEW_CODE_MOVE,C:\Users\DirtySouth\TradingResearch\scripts\second1m\audit_a37_session_level_geometry_replication_v1.py,Source move may break paths/imports; review first,,False,
audit_a38_candidate_replication_v1.py,file,3062,ddccb8a34a2679d10d2df89041a8845c117a56e467867bd6a08cbe573e555976,second1m,REVIEW_CODE_MOVE,C:\Users\DirtySouth\TradingResearch\scripts\second1m\audit_a38_candidate_replication_v1.py,Source move may break paths/imports; review first,,False,
audit_a38_remaining_level_breakout_burden_v1.py,file,3586,2346f207347873adf93942ec35f74002a7e79973ca10b07ee87a8a8f0bb2a967,second1m,REVIEW_CODE_MOVE,C:\Users\DirtySouth\TradingResearch\scripts\second1m\audit_a38_remaining_level_breakout_burden_v1.py,Source move may break paths/imports; review first,,False,
audit_a38_survivor_family_overlap_v1.py,file,4120,bb6125a22dbcc70d905ac3836b4553609006cb6a9c81cba92e55b28b329f6ae4,second1m,REVIEW_CODE_MOVE,C:\Users\DirtySouth\TradingResearch\scripts\second1m\audit_a38_survivor_family_overlap_v1.py,Source move may break paths/imports; review first,,False,
audit_a38_vs_a37_independence_v1.py,file,5368,a9041dafe8d0f6368c63fff603795e13a82c71eca7d8148c2b25dfafe0864d22,second1m,REVIEW_CODE_MOVE,C:\Users\DirtySouth\TradingResearch\scripts\second1m\audit_a38_vs_a37_independence_v1.py,Source move may break paths/imports; review first,,False,
audit_a39_frozen_transition_buckets_v1.py,file,2246,a76385023851e2007aa1132c438df63f2345767baafa63229d539de68aec995e,second1m,REVIEW_CODE_MOVE,C:\Users\DirtySouth\TradingResearch\scripts\second1m\audit_a39_frozen_transition_buckets_v1.py,Source move may break paths/imports; review first,,False,
audit_a39_transition_candidate_robustness_v1.py,file,5153,345b2a6093778c3736d108ccc672793602015b309e693d4069aa248e035ce049,second1m,REVIEW_CODE_MOVE,C:\Users\DirtySouth\TradingResearch\scripts\second1m\audit_a39_transition_candidate_robustness_v1.py,Source move may break paths/imports; review first,,False,
audit_a39_vwap_q3_exact_a37_independence_v1_1.py,file,5127,038ca8fdced5b4b16e09070ec6fecaea8ea78b6a22a7de139d0335315853e7af,second1m,REVIEW_CODE_MOVE,C:\Users\DirtySouth\TradingResearch\scripts\second1m\audit_a39_vwap_q3_exact_a37_independence_v1_1.py,Source move may break paths/imports; review first,,False,
audit_a39_vwap_q3_exhaustion_independence_v1.py,file,4885,e4143058f079f0b9afe339674e0f792f2da0b078fd70df4dd380179f3828dbff,second1m,REVIEW_CODE_MOVE,C:\Users\DirtySouth\TradingResearch\scripts\second1m\audit_a39_vwap_q3_exhaustion_independence_v1.py,Source move may break paths/imports; review first,,False,
audit_a39_vwap_q3_exhaustion_independence_v1_1.py,file,5618,c3bc2d0ef9af3e25f17e202bcdc3b12cf6148ce953e421672cc13874545b1e5c,second1m,REVIEW_CODE_MOVE,C:\Users\DirtySouth\TradingResearch\scripts\second1m\audit_a39_vwap_q3_exhaustion_independence_v1_1.py,Source move may break paths/imports; review first,,False,
audit_a39_vwap_q3_prior_survivor_independence_v1.py,file,5566,a7caf6169bd639ee53d629800fe2675969efe6194bab897beca08f8935f5bf7b,second1m,REVIEW_CODE_MOVE,C:\Users\DirtySouth\TradingResearch\scripts\second1m\audit_a39_vwap_q3_prior_survivor_independence_v1.py,Source move may break paths/imports; review first,,False,
audit_a41_benchmark_opening_bar_parity_v1.py,file,2973,38610d3572092d1aca560c4cb6cede80e8873e4bf41215e4fad7c86f1003a6dc,second1m,REVIEW_CODE_MOVE,C:\Users\DirtySouth\TradingResearch\scripts\second1m\audit_a41_benchmark_opening_bar_parity_v1.py,Source move may break paths/imports; review first,,False,
audit_a42_candidate_redundancy_a37_a38_v1.py,file,4611,34e2d97a9f51e34fd27dd742114f6b3610860180953df040d15cbff11cfb010a,second1m,REVIEW_CODE_MOVE,C:\Users\DirtySouth\TradingResearch\scripts\second1m\audit_a42_candidate_redundancy_a37_a38_v1.py,Source move may break paths/imports; review first,,False,
audit_a42_candidate_robustness_v1.py,file,3709,33fc2ec0244f1da7e1212c9d09bbb5312203165da304f8eada51dc3e83f90138,second1m,REVIEW_CODE_MOVE,C:\Users\DirtySouth\TradingResearch\scripts\second1m\audit_a42_candidate_robustness_v1.py,Source move may break paths/imports; review first,,False,
audit_a51_4_direction_quarter_distribution_v1.py,file,1666,e3f871a00517559980ca83742832c4c69e1dd9a283e8f4a7a69cdeecb56c7246,second1m,REVIEW_CODE_MOVE,C:\Users\DirtySouth\TradingResearch\scripts\second1m\audit_a51_4_direction_quarter_distribution_v1.py,Source move may break paths/imports; review first,,False,
audit_a51_a39_bucket_artifact_integrity_v1.py,file,2961,a2953f377c8d08ab9f20ab48901938642bed91bb3c4bb6b07efd95fd21f929b3,second1m,REVIEW_CODE_MOVE,C:\Users\DirtySouth\TradingResearch\scripts\second1m\audit_a51_a39_bucket_artifact_integrity_v1.py,Source move may break paths/imports; review first,,False,
audit_a51_a39_original_bucket_semantics_v1.py,file,2448,23bebdfd3a8fb0239072bfbc0562101fb94d36d09dc7e05f340a408dc12849a1,second1m,REVIEW_CODE_MOVE,C:\Users\DirtySouth\TradingResearch\scripts\second1m\audit_a51_a39_original_bucket_semantics_v1.py,Source move may break paths/imports; review first,,False,
audit_a51_a39_summary_reproducibility_v1.py,file,3405,1b6ec7fb067c19e9a247b6bb0b24d40790ee37272ad332960265ba9d65a3d908,second1m,REVIEW_CODE_MOVE,C:\Users\DirtySouth\TradingResearch\scripts\second1m\audit_a51_a39_summary_reproducibility_v1.py,Source move may break paths/imports; review first,,False,
BUILD_6_1_0_MTF_STRUCTURAL_RESEARCH_ENGINE.pine,file,36794,fbb50169d51bfaf62e6b862288b3d2a25f5ab2442d3585ca3b7021f352bd76e9,orb,REVIEW_CODE_MOVE,C:\Users\DirtySouth\TradingResearch\pine\orb\BUILD_6_1_0_MTF_STRUCTURAL_RESEARCH_ENGINE.pine,Source move may break paths/imports; review first,,False,
BUILD_6_1_0A_MTF_PARITY_PROBE.pine,file,4683,cc40b65dc78ac980e3bb420e585cfe540f63ec1b9e53441a10da98166b2e0092,orb,REVIEW_CODE_MOVE,C:\Users\DirtySouth\TradingResearch\pine\orb\BUILD_6_1_0A_MTF_PARITY_PROBE.pine,Source move may break paths/imports; review first,,False,
BUILD_6_1_1_MTF_STRUCTURAL_RESEARCH_ENGINE.pine,file,37709,654d06f712e10a36270cacef8eea311bec5f860749955b5a69e664896d0f42ab,orb,REVIEW_CODE_MOVE,C:\Users\DirtySouth\TradingResearch\pine\orb\BUILD_6_1_1_MTF_STRUCTURAL_RESEARCH_ENGINE.pine,Source move may break paths/imports; review first,,False,
BUILD_6_1_2_MTF_STRUCTURAL_RESEARCH_ENGINE.pine,file,37731,d7b1e3c857540818a9fc8d1a4f22bbbcb7001bbc7fb01b16f62a489dcf15b75c,orb,REVIEW_CODE_MOVE,C:\Users\DirtySouth\TradingResearch\pine\orb\BUILD_6_1_2_MTF_STRUCTURAL_RESEARCH_ENGINE.pine,Source move may break paths/imports; review first,,False,
BUILD_6_1_3_MTF_STRUCTURAL_MARKET_CONTEXT.pine,file,40989,96796e81f63d69f80e7b72ce937c53836d0ea23286a8be98cc3accf99087483b,orb,REVIEW_CODE_MOVE,C:\Users\DirtySouth\TradingResearch\pine\orb\BUILD_6_1_3_MTF_STRUCTURAL_MARKET_CONTEXT.pine,Source move may break paths/imports; review first,,False,
build_9k_dp4_candidate_matrix_v1.py,file,5792,e6aadecdf6373e691fa841613008dbb484db0c9c9291afbe73021bc29a5bed4f,other,REVIEW_CODE_MOVE,C:\Users\DirtySouth\TradingResearch\scripts\other\build_9k_dp4_candidate_matrix_v1.py,Source move may break paths/imports; review first,,False,
build_9m_oos_research_frames_v1.py,file,4773,1c0d8e9c02f22e53d322ffef6db1d044b4bbc8ad8782b0134bbf3a1d2c25c699,other,REVIEW_CODE_MOVE,C:\Users\DirtySouth\TradingResearch\scripts\other\build_9m_oos_research_frames_v1.py,Source move may break paths/imports; review first,,False,
build_a41_market_open_impulse_features_v1.py,file,5965,904257f7ffa42e69ce2305b00aa41fbd0c6f47a939ff49b6482898130a061962,second1m,REVIEW_CODE_MOVE,C:\Users\DirtySouth\TradingResearch\scripts\second1m\build_a41_market_open_impulse_features_v1.py,Source move may break paths/imports; review first,,False,
build_a42_predeclared_opening_location_features_v1.py,file,4007,1f6aaaa1dfbb80bd50cc66b18415e57db4751db4a2cf1300c78e5f1419429696,second1m,REVIEW_CODE_MOVE,C:\Users\DirtySouth\TradingResearch\scripts\second1m\build_a42_predeclared_opening_location_features_v1.py,Source move may break paths/imports; review first,,False,
build_a43_predeclared_opening_relative_strength_features_v1.py,file,3019,f41dc1f8014f48cb6893260fca522d58e56b3ad907235020b3207f5da2888817,second1m,REVIEW_CODE_MOVE,C:\Users\DirtySouth\TradingResearch\scripts\second1m\build_a43_predeclared_opening_relative_strength_features_v1.py,Source move may break paths/imports; review first,,False,
build_a44_predeclared_prior_day_structure_features_v1.py,file,2490,111b35a68b397e0e55efa79bddabe10f2d42c60ea327ce5dd3c7157da3fd6156,second1m,REVIEW_CODE_MOVE,C:\Users\DirtySouth\TradingResearch\scripts\second1m\build_a44_predeclared_prior_day_structure_features_v1.py,Source move may break paths/imports; review first,,False,
build_a45_predeclared_overnight_transition_features_v1.py,file,3172,ef638aa6c5354bbdfc9b50f99b156df3f03daefdc8774bc7742c76dde50cb910,second1m,REVIEW_CODE_MOVE,C:\Users\DirtySouth\TradingResearch\scripts\second1m\build_a45_predeclared_overnight_transition_features_v1.py,Source move may break paths/imports; review first,,False,
build_a47_predeclared_entry_area_confluence_features_v1.py,file,2874,4f769ccbb8ef3685287e7304d01de52179ec4c6be95b159e7054e02beb0023d2,second1m,REVIEW_CODE_MOVE,C:\Users\DirtySouth\TradingResearch\scripts\second1m\build_a47_predeclared_entry_area_confluence_features_v1.py,Source move may break paths/imports; review first,,False,
build_a49_predeclared_opening_liquidity_features_v1.py,file,2693,7821261dc4bec22c7bbfbf41c2efd534ab0d0e24227532d71fcae882025664d2,second1m,REVIEW_CODE_MOVE,C:\Users\DirtySouth\TradingResearch\scripts\second1m\build_a49_predeclared_opening_liquidity_features_v1.py,Source move may break paths/imports; review first,,False,
build_a51_five_candidate_certified_matrix_and_independence_v1.py,file,6403,f1d34184c213a4f1b1dc4bf321b44f23cb4c0b5c913994f9bb96bfd438ce5a3d,second1m,REVIEW_CODE_MOVE,C:\Users\DirtySouth\TradingResearch\scripts\second1m\build_a51_five_candidate_certified_matrix_and_independence_v1.py,Source move may break paths/imports; review first,,False,
build_a51_retained_v2_evidence_matrix_v1.py,file,10821,93e0ecbc859e1a8ddd65d589cbcb3d6de876e88c89e83f0353056d37bceabbc8,second1m,REVIEW_CODE_MOVE,C:\Users\DirtySouth\TradingResearch\scripts\second1m\build_a51_retained_v2_evidence_matrix_v1.py,Source move may break paths/imports; review first,,False,
build_a51_retained_v2_evidence_matrix_v2.py,file,5148,1f31d0a2cc70a1f23844392e1164cb0f5c00a9bb5117140fad5ed3876786bbc0,second1m,REVIEW_CODE_MOVE,C:\Users\DirtySouth\TradingResearch\scripts\second1m\build_a51_retained_v2_evidence_matrix_v2.py,Source move may break paths/imports; review first,,False,
build_a51_retained_v2_evidence_matrix_v3.py,file,5022,57ddcfedf3f954e2d9b07d51a67d7a23f95af7cf0c5ca881ed1e51d31a12253a,second1m,REVIEW_CODE_MOVE,C:\Users\DirtySouth\TradingResearch\scripts\second1m\build_a51_retained_v2_evidence_matrix_v3.py,Source move may break paths/imports; review first,,False,
build_a51_retained_v2_evidence_matrix_v4.py,file,5021,20e9aa6443736cc4bfeebc629094382c8ce199b8c7400bd8627777319e210909,second1m,REVIEW_CODE_MOVE,C:\Users\DirtySouth\TradingResearch\scripts\second1m\build_a51_retained_v2_evidence_matrix_v4.py,Source move may break paths/imports; review first,,False,
build_a52_predeclared_v2_architecture_v1.py,file,4904,1a35e54ec06e74824662fc3eb31b254ac4adec16e2db7f66da4deeaf5e1b658b,second1m,REVIEW_CODE_MOVE,C:\Users\DirtySouth\TradingResearch\scripts\second1m\build_a52_predeclared_v2_architecture_v1.py,Source move may break paths/imports; review first,,False,
build_a53_candidate_model_v2_prospective_protocol_v1.py,file,5061,e4bf78d9456c675d2419d145b8084dac7d103ac2caf1cd3f16118b6f435c9cf4,second1m,REVIEW_CODE_MOVE,C:\Users\DirtySouth\TradingResearch\scripts\second1m\build_a53_candidate_model_v2_prospective_protocol_v1.py,Source move may break paths/imports; review first,,False,
build_a56_1e_ae2_parity_test_set_v1.py,file,4744,ec6f7c1cc00a1268e24262d50bca7efa1d402c1e40a6b0de1c5b95bf34f2e06c,second1m,REVIEW_CODE_MOVE,C:\Users\DirtySouth\TradingResearch\scripts\second1m\build_a56_1e_ae2_parity_test_set_v1.py,Source move may break paths/imports; review first,,False,
certify_9m_2026_timestamp_coverage.py,file,6075,b52c8a658b267749f3bef129c3c1f5fcbd360b6574eef1d5ad1670585d84e484,other,REVIEW_CODE_MOVE,C:\Users\DirtySouth\TradingResearch\scripts\other\certify_9m_2026_timestamp_coverage.py,Source move may break paths/imports; review first,,False,
certify_9n_v4_engine_semantics_v2.py,file,4460,2e4400db49040c59d3813329c9137bcfc78e9027b29623129bf4887db5f78ed9,other,REVIEW_CODE_MOVE,C:\Users\DirtySouth\TradingResearch\scripts\other\certify_9n_v4_engine_semantics_v2.py,Source move may break paths/imports; review first,,False,
certify_9n_v4_reconstruction_static_v1.py,file,1980,4651c6c0c845a7b3d211bebb7ff4f6c46f3d019f1ba75dd06719a6ee643b6f12,other,REVIEW_CODE_MOVE,C:\Users\DirtySouth\TradingResearch\scripts\other\certify_9n_v4_reconstruction_static_v1.py,Source move may break paths/imports; review first,,False,
certify_existing_v2.ps1,file,6042,3bab2288647007f270bd470e62ba6f3de03c14625b5471da57281cfa87989e46,other,REVIEW_CODE_MOVE,C:\Users\DirtySouth\TradingResearch\scripts\other\certify_existing_v2.ps1,Source move may break paths/imports; review first,,False,
certify_existing_v2.py,file,5126,37dccf44aa6f31a0d5f9018d0db2c0f989d9cd84d35595715aab9359f4805628,other,REVIEW_CODE_MOVE,C:\Users\DirtySouth\TradingResearch\scripts\other\certify_existing_v2.py,Source move may break paths/imports; review first,,False,
certify_existing_v2_v2.py,file,7713,7776ba8e664f261db15bbf099b47df8adf4f33587bb90d660b73f077382035e7,other,REVIEW_CODE_MOVE,C:\Users\DirtySouth\TradingResearch\scripts\other\certify_existing_v2_v2.py,Source move may break paths/imports; review first,,False,
certify_v2_full50.py,file,10509,0e1c8de64c3d95c78584d252de49f232cf55d0ba823ca1cbc7e65a03024c7fee,other,REVIEW_CODE_MOVE,C:\Users\DirtySouth\TradingResearch\scripts\other\certify_v2_full50.py,Source move may break paths/imports; review first,,False,
certify_v2_outcome_independence.py,file,7799,9b69f03249e2a44eb14090f7e02af9faae053dafc1353002c703585fba0f3624,other,REVIEW_CODE_MOVE,C:\Users\DirtySouth\TradingResearch\scripts\other\certify_v2_outcome_independence.py,Source move may break paths/imports; review first,,False,
cleanup_reports,dir,0,,other,REVIEW,,Unclassified directory,,False,
cleanup_tradingresearch_root.py,file,8550,9acb400f62e817cd06eac5a306547e554bff69266325dbeecfae852d7184e656,other,REVIEW_CODE_MOVE,C:\Users\DirtySouth\TradingResearch\scripts\other\cleanup_tradingresearch_root.py,Source move may break paths/imports; review first,,False,
config,dir,0,,core,KEEP_ROOT,,Core directory,,False,
data,dir,0,,core,KEEP_ROOT,,Core directory,,False,
derive_and_certify_dp4_structural_clearance.py,file,7512,383a1f5fc98222685f9d271c6c5e34ed4da841a2346639a8743b38437d46da30,other,REVIEW_CODE_MOVE,C:\Users\DirtySouth\TradingResearch\scripts\other\derive_and_certify_dp4_structural_clearance.py,Source move may break paths/imports; review first,,False,
diagnose_9n_3h_vrtx_level_source.py,file,3566,5346ea13353279282278cbd4aa0e8bb769b2b5394f9d2b7d0a0efda2bce2c562,other,REVIEW_CODE_MOVE,C:\Users\DirtySouth\TradingResearch\scripts\other\diagnose_9n_3h_vrtx_level_source.py,Source move may break paths/imports; review first,,False,
diagnose_a37_cluster_span_parity_v1.py,file,3142,30ca9f274cc8fa9c1e246007529635ed7b9bb7f8247ff2e9ae286c5590db148d,second1m,REVIEW_CODE_MOVE,C:\Users\DirtySouth\TradingResearch\scripts\second1m\diagnose_a37_cluster_span_parity_v1.py,Source move may break paths/imports; review first,,False,
diagnose_v2_export_schema.py,file,1703,53e92a4aaba16c84d3e82eb27c4bd4cf6ae5759983dd9207c13ebe50930fd81b,other,REVIEW_CODE_MOVE,C:\Users\DirtySouth\TradingResearch\scripts\other\diagnose_v2_export_schema.py,Source move may break paths/imports; review first,,False,
diagnose_v2_runtime_vs_artifact.py,file,3077,7669230023b3f97d9d87288145b33afac55246a80fca430f63489f51b9694d80,other,REVIEW_CODE_MOVE,C:\Users\DirtySouth\TradingResearch\scripts\other\diagnose_v2_runtime_vs_artifact.py,Source move may break paths/imports; review first,,False,
diagnose_v2_runtime_vs_artifact_v2.py,file,3358,7dc806bbe59e78a81610799165c757545592b8a842e0ff81c8a60061f46a9396,other,REVIEW_CODE_MOVE,C:\Users\DirtySouth\TradingResearch\scripts\other\diagnose_v2_runtime_vs_artifact_v2.py,Source move may break paths/imports; review first,,False,
docs,dir,0,,core,KEEP_ROOT,,Core directory,,False,
evaluate_a52_frozen_v2_architecture_outcomes_v1.py,file,2757,cda5330b7e1534997017503579ff51741908a1cd9cb7102a79f8c102d0647bdd,second1m,REVIEW_CODE_MOVE,C:\Users\DirtySouth\TradingResearch\scripts\second1m\evaluate_a52_frozen_v2_architecture_outcomes_v1.py,Source move may break paths/imports; review first,,False,
evaluate_a52_v2_robustness_v1.py,file,2706,72b706bfc3e0fff7bee73501391c78ee43333407ab96e65ad38be33027384c1b,second1m,REVIEW_CODE_MOVE,C:\Users\DirtySouth\TradingResearch\scripts\second1m\evaluate_a52_v2_robustness_v1.py,Source move may break paths/imports; review first,,False,
extract_9n_v4_source_semantics_utf8_v1.py,file,6141,043744687280b29504942054da750b686bae885d46e34881c2de4122774ed393,other,REVIEW_CODE_MOVE,C:\Users\DirtySouth\TradingResearch\scripts\other\extract_9n_v4_source_semantics_utf8_v1.py,Source move may break paths/imports; review first,,False,
extract_9n_v4_source_semantics_v1.py,file,4083,77678be135de0a1c71b11d4b8b38e384a5d41db0f135a3d447816f66c656e11f,other,REVIEW_CODE_MOVE,C:\Users\DirtySouth\TradingResearch\scripts\other\extract_9n_v4_source_semantics_v1.py,Source move may break paths/imports; review first,,False,
extract_a51_a39_original_predictor_bucketing_scope_v1.py,file,1317,497325b5701410e0c09babbea4433def99f3467f6a79590126793eab1c608572,second1m,REVIEW_CODE_MOVE,C:\Users\DirtySouth\TradingResearch\scripts\second1m\extract_a51_a39_original_predictor_bucketing_scope_v1.py,Source move may break paths/imports; review first,,False,
extract_a51_original_frozen_candidate_definitions_v1.py,file,1533,aa6061873002095d588fcee98789d87a137f9aedbd5d3c87f138886cd26182e0,second1m,REVIEW_CODE_MOVE,C:\Users\DirtySouth\TradingResearch\scripts\second1m\extract_a51_original_frozen_candidate_definitions_v1.py,Source move may break paths/imports; review first,,False,
find_altc2_latest_available_date_v1.py,file,6093,d6f0a1c3ff101cb008d1d2f2af93fbae832445662274e5d71958c934b73dbef6,second1m,REVIEW_CODE_MOVE,C:\Users\DirtySouth\TradingResearch\scripts\second1m\find_altc2_latest_available_date_v1.py,Source move may break paths/imports; review first,,False,
find_vrtx_massive_partition.py,file,795,62c9c1bfbeed3919f1032808facb4a139077d7ce4a3d8e892548efe993c033e7,market_data,REVIEW_CODE_MOVE,C:\Users\DirtySouth\TradingResearch\scripts\market_data\find_vrtx_massive_partition.py,Source move may break paths/imports; review first,,False,
freeze_9j_vwap_v2_validation_protocol.py,file,5110,2316a9d57abf49b86b205f4b89f30bc5e0b66e688eb6402721a18e69b5294dfe,other,REVIEW_CODE_MOVE,C:\Users\DirtySouth\TradingResearch\scripts\other\freeze_9j_vwap_v2_validation_protocol.py,Source move may break paths/imports; review first,,False,
freeze_9m_dp4_candidate_population_v1.py,file,2890,65eeb1c538e4aff3e1a72792f5bf08b5680bcb9d094e8da4cdd751b33ee3fca5,other,REVIEW_CODE_MOVE,C:\Users\DirtySouth\TradingResearch\scripts\other\freeze_9m_dp4_candidate_population_v1.py,Source move may break paths/imports; review first,,False,
freeze_a52_candidate_model_v2_v1.py,file,3003,c8896cbf94e0189c9c03233a2324afd672d973b88a7e7272ce89acb0e4587774,second1m,REVIEW_CODE_MOVE,C:\Users\DirtySouth\TradingResearch\scripts\second1m\freeze_a52_candidate_model_v2_v1.py,Source move may break paths/imports; review first,,False,
FTHC_Bulk_Daily_Download.py,file,10349,5b3a658136d4737de9fb747f1b00bbcb67b2a84412c593ff2e75ce09296489cf,second1m,REVIEW_CODE_MOVE,C:\Users\DirtySouth\TradingResearch\scripts\second1m\FTHC_Bulk_Daily_Download.py,Source move may break paths/imports; review first,,False,
FTHC_Bulk_Daily_Download_Missing12.py,file,10347,e335970ddfed991f1f32e0adeadddb8519e61f0c679ec226f0d53cbc753005f5,second1m,REVIEW_CODE_MOVE,C:\Users\DirtySouth\TradingResearch\scripts\second1m\FTHC_Bulk_Daily_Download_Missing12.py,Source move may break paths/imports; review first,,False,
import_second1m_market_reference.py,file,24534,02ee7acc29a80048602dd5cca64096be647997f3f098c01310b4d547f39c0d50,second1m,REVIEW_CODE_MOVE,C:\Users\DirtySouth\TradingResearch\scripts\second1m\import_second1m_market_reference.py,Source move may break paths/imports; review first,,False,
import_second_candle_intraday_1m.py,file,21827,abb383ad2473513001cdaaac70ac9e01269bb3712396710911327090a11102bf,second1m,REVIEW_CODE_MOVE,C:\Users\DirtySouth\TradingResearch\scripts\second1m\import_second_candle_intraday_1m.py,Source move may break paths/imports; review first,,False,
initialize_altc2_prospective_validation_v1.py,file,2377,38883594f5fdd725dcacb0f0a1e9e6a4c2751502c537a22f19d2f6e4c58d1816,second1m,REVIEW_CODE_MOVE,C:\Users\DirtySouth\TradingResearch\scripts\second1m\initialize_altc2_prospective_validation_v1.py,Source move may break paths/imports; review first,,False,
inspect_ae2_feature_schemas.py,file,749,0757bd32af6feef125b9e619191fd77552d38b36ec093b546223c9ff619f83a5,second1m,REVIEW_CODE_MOVE,C:\Users\DirtySouth\TradingResearch\scripts\second1m\inspect_ae2_feature_schemas.py,Source move may break paths/imports; review first,,False,
inspect_dp_structural_clearance_taxonomy.py,file,3406,d27f115daaba03e70ded4205081871af88b6199cab2603c21379612b4a744db4,other,REVIEW_CODE_MOVE,C:\Users\DirtySouth\TradingResearch\scripts\other\inspect_dp_structural_clearance_taxonomy.py,Source move may break paths/imports; review first,,False,
inspect_v2_build_assembly.py,file,874,392774681c4e491456d20d3241db15a16d752dc1aa43d5363254efdf17a7727a,other,REVIEW_CODE_MOVE,C:\Users\DirtySouth\TradingResearch\scripts\other\inspect_v2_build_assembly.py,Source move may break paths/imports; review first,,False,
inspect_v4_parity_validation.py,file,825,a07487e89cfb48789be984a0d6fb9d42707c3497c8ff99f1214ad4b3867e0047,other,REVIEW_CODE_MOVE,C:\Users\DirtySouth\TradingResearch\scripts\other\inspect_v4_parity_validation.py,Source move may break paths/imports; review first,,False,
install_and_msft_preflight.ps1,file,1084,fe4c69e1e704b678f0921dd607bc6365fbb45ae6ba6464bcb87142713f52162d,other,REVIEW_CODE_MOVE,C:\Users\DirtySouth\TradingResearch\scripts\other\install_and_msft_preflight.ps1,Source move may break paths/imports; review first,,False,
inventory_9n_3k_massive_pipeline.py,file,1651,355743d7eb90dc94af601b512fdfdee4617a929effe9538377d824d565d95143,market_data,REVIEW_CODE_MOVE,C:\Users\DirtySouth\TradingResearch\scripts\market_data\inventory_9n_3k_massive_pipeline.py,Source move may break paths/imports; review first,,False,
inventory_a39_a37_frozen_geometry_sources_v1.py,file,1370,94a869d4456fbd5d8424c065d514c7bb4894da7083fe0a159281f6e650a7714a,second1m,REVIEW_CODE_MOVE,C:\Users\DirtySouth\TradingResearch\scripts\second1m\inventory_a39_a37_frozen_geometry_sources_v1.py,Source move may break paths/imports; review first,,False,
inventory_a39_c1_c2_transition_existing_evidence_v1.py,file,3483,dea29bd735e5984c3dee202aeee94b46719827d85fabd589405890c5af6f427b,second1m,REVIEW_CODE_MOVE,C:\Users\DirtySouth\TradingResearch\scripts\second1m\inventory_a39_c1_c2_transition_existing_evidence_v1.py,Source move may break paths/imports; review first,,False,
inventory_a40_intraday_timing_existing_evidence_v1.py,file,3362,ae25e79c866070c54de77fc0333d7aa2ad4e1ff954935c9a679653ddd97d871f,second1m,REVIEW_CODE_MOVE,C:\Users\DirtySouth\TradingResearch\scripts\second1m\inventory_a40_intraday_timing_existing_evidence_v1.py,Source move may break paths/imports; review first,,False,
inventory_a41_benchmark_intraday_sources_v1.py,file,2910,a1485a3f1324944cdd2ad913ac848f3aeb7b44045215e6d5b4db977247ca279f,second1m,REVIEW_CODE_MOVE,C:\Users\DirtySouth\TradingResearch\scripts\second1m\inventory_a41_benchmark_intraday_sources_v1.py,Source move may break paths/imports; review first,,False,
inventory_a41_market_open_impulse_existing_evidence_v1.py,file,1883,bf710c566fb5d96805ee8a8a71d29856230975ab0a8790f89ff40f258d54354e,second1m,REVIEW_CODE_MOVE,C:\Users\DirtySouth\TradingResearch\scripts\second1m\inventory_a41_market_open_impulse_existing_evidence_v1.py,Source move may break paths/imports; review first,,False,
inventory_a42_opening_location_existing_evidence_v1.py,file,2073,1579fb9a7c6587924d7dc6808a66eb86a9a648d1b9bf0dbd54348ff1ad2e7dcc,second1m,REVIEW_CODE_MOVE,C:\Users\DirtySouth\TradingResearch\scripts\second1m\inventory_a42_opening_location_existing_evidence_v1.py,Source move may break paths/imports; review first,,False,
inventory_a43_opening_relative_strength_existing_evidence_v1.py,file,2024,ea70059f9d982a403a37827be39f7af17379e54457b76431cfc8402df6be3162,second1m,REVIEW_CODE_MOVE,C:\Users\DirtySouth\TradingResearch\scripts\second1m\inventory_a43_opening_relative_strength_existing_evidence_v1.py,Source move may break paths/imports; review first,,False,
inventory_a44_prior_day_structure_existing_evidence_v1.py,file,2083,aa7df70890e69fed13ad31f56373e17f1761ef926754a8559d8a4f6c886dc479,second1m,REVIEW_CODE_MOVE,C:\Users\DirtySouth\TradingResearch\scripts\second1m\inventory_a44_prior_day_structure_existing_evidence_v1.py,Source move may break paths/imports; review first,,False,
inventory_a45_prior_day_to_premarket_transition_v1.py,file,1726,66f7c18b468bf278dbd0ca3af369e732629d873f63bc385f209a56c9af92b043,second1m,REVIEW_CODE_MOVE,C:\Users\DirtySouth\TradingResearch\scripts\second1m\inventory_a45_prior_day_to_premarket_transition_v1.py,Source move may break paths/imports; review first,,False,
inventory_a46_premarket_shape_existing_evidence_v1.py,file,1932,ba358b3e31578578514b14f9dc47d290704eb3cb2bdeecf6d89b03d6722dc77c,second1m,REVIEW_CODE_MOVE,C:\Users\DirtySouth\TradingResearch\scripts\second1m\inventory_a46_premarket_shape_existing_evidence_v1.py,Source move may break paths/imports; review first,,False,
inventory_a47_entry_area_technical_confluence_v1.py,file,1757,b50df346f22abfcd39a6cccef30b515bad34c600340444578da11bcfd4dec2ab,second1m,REVIEW_CODE_MOVE,C:\Users\DirtySouth\TradingResearch\scripts\second1m\inventory_a47_entry_area_technical_confluence_v1.py,Source move may break paths/imports; review first,,False,
inventory_a48_remaining_roadmap_gap_audit_v1.py,file,3527,f3a812c341f16aa7a3511de5051fd892dcdd5aca75fe0601f00088859836360e,second1m,REVIEW_CODE_MOVE,C:\Users\DirtySouth\TradingResearch\scripts\second1m\inventory_a48_remaining_roadmap_gap_audit_v1.py,Source move may break paths/imports; review first,,False,
inventory_a49_opening_liquidity_existing_evidence_v1.py,file,1528,3082141c0c2b4beae18baed0828e768182982cfc86c0416a1695d58760c5c163,second1m,REVIEW_CODE_MOVE,C:\Users\DirtySouth\TradingResearch\scripts\second1m\inventory_a49_opening_liquidity_existing_evidence_v1.py,Source move may break paths/imports; review first,,False,
inventory_a51_2_frozen_candidate_encodings_v1.py,file,1472,3a6e4077e00b339f08cc909ed0db4c93c9f10e656338118bd51af4247bea5db6,second1m,REVIEW_CODE_MOVE,C:\Users\DirtySouth\TradingResearch\scripts\second1m\inventory_a51_2_frozen_candidate_encodings_v1.py,Source move may break paths/imports; review first,,False,
inventory_a51_a39_event_source_v1.py,file,1264,d9399d678ee3b824e9dd4c6eac630314ea298baed61373a1413a7cc319881755,second1m,REVIEW_CODE_MOVE,C:\Users\DirtySouth\TradingResearch\scripts\second1m\inventory_a51_a39_event_source_v1.py,Source move may break paths/imports; review first,,False,
inventory_a51_a39_frozen_cutpoints_v1.py,file,1246,2971023760c89bfc8f2cd78f263bff06079b94af4079c7eaebf516bdba8d2e64,second1m,REVIEW_CODE_MOVE,C:\Users\DirtySouth\TradingResearch\scripts\second1m\inventory_a51_a39_frozen_cutpoints_v1.py,Source move may break paths/imports; review first,,False,
inventory_a51_a39_frozen_encoding_v1.py,file,1192,d291042fe2613208a94be8f1c71b87fbc5ead6bffb315457decd500c7b5d420f,second1m,REVIEW_CODE_MOVE,C:\Users\DirtySouth\TradingResearch\scripts\second1m\inventory_a51_a39_frozen_encoding_v1.py,Source move may break paths/imports; review first,,False,
inventory_a51_a39_preferred_source_values_v1.py,file,1493,e9d68ac1f9b23b5392552b62d84a7a03e2292fe71684277ea18b924bcc051c09,second1m,REVIEW_CODE_MOVE,C:\Users\DirtySouth\TradingResearch\scripts\second1m\inventory_a51_a39_preferred_source_values_v1.py,Source move may break paths/imports; review first,,False,
inventory_a51_frozen_quintile_assignments_v1.py,file,1493,075ef76b215f322a593d959b843f6f6fa9ae6afaef431674d2a8f46bddc828f5,second1m,REVIEW_CODE_MOVE,C:\Users\DirtySouth\TradingResearch\scripts\second1m\inventory_a51_frozen_quintile_assignments_v1.py,Source move may break paths/imports; review first,,False,
inventory_a51_retained_v2_evidence_sources_v1.py,file,3779,2a13c207d9d002d7fe3bab374a15f4435172653bf07ac918ee74733de1bcf487,second1m,REVIEW_CODE_MOVE,C:\Users\DirtySouth\TradingResearch\scripts\second1m\inventory_a51_retained_v2_evidence_sources_v1.py,Source move may break paths/imports; review first,,False,
inventory_a53_c1_level_timing_inputs_v1.py,file,1680,ae1b9fb3e4cfe10db3f489684e686987c7b243cdd9da4ce206962aee1f5f0583,second1m,REVIEW_CODE_MOVE,C:\Users\DirtySouth\TradingResearch\scripts\second1m\inventory_a53_c1_level_timing_inputs_v1.py,Source move may break paths/imports; review first,,False,
inventory_a53_v2_prospective_scoring_sources_v1.py,file,2088,9a1c14d15ffe6316bc6fbf00624d5ba63a7fb1675ef7f7f9183a5e4eaf513572,second1m,REVIEW_CODE_MOVE,C:\Users\DirtySouth\TradingResearch\scripts\second1m\inventory_a53_v2_prospective_scoring_sources_v1.py,Source move may break paths/imports; review first,,False,
inventory_a55_19_altc2_reference_logic_v1.py,file,3436,ec9abd1d4900f64bbb34832f9f5537de904e62555eabcf6ff3a23e418d65568b,second1m,REVIEW_CODE_MOVE,C:\Users\DirtySouth\TradingResearch\scripts\second1m\inventory_a55_19_altc2_reference_logic_v1.py,Source move may break paths/imports; review first,,False,
join_and_audit_frozen_9h_outcomes.py,file,9584,ebd49bbb1b1146713962e29c601fe36d25064f1e3aae856465c1e2985e1de178,other,REVIEW_CODE_MOVE,C:\Users\DirtySouth\TradingResearch\scripts\other\join_and_audit_frozen_9h_outcomes.py,Source move may break paths/imports; review first,,False,
logs,dir,0,,core,KEEP_ROOT,,Core directory,,False,
MajorIndexes_5MinLookback,file,380364,afdc2d17e8f30638a7f73641388ded804cf1f4839941c7ebc513733f785d1eb7,orb,REVIEW,,Unclassified root file,,False,
market_cache,dir,0,,core,KEEP_ROOT,,Core directory,,False,
Massive_Index_Candidate_Test.py,file,2375,b2176aac80cc5361ac3f32cd44275aa12507331495a727d33814c2854120155e,market_data,REVIEW_CODE_MOVE,C:\Users\DirtySouth\TradingResearch\scripts\market_data\Massive_Index_Candidate_Test.py,Source move may break paths/imports; review first,,False,
Massive_Index_Test.py,file,2147,c359e7a1c8cdfe5ff5dcc2e27fb9946153b0241ec5b19698e3483e9880744932,market_data,REVIEW_CODE_MOVE,C:\Users\DirtySouth\TradingResearch\scripts\market_data\Massive_Index_Test.py,Source move may break paths/imports; review first,,False,
Massive_Market_Validation.py,file,3036,407b3d2775958cecc0a1de9a14099f689628e5a487628b1ad86143826b29dcd7,market_data,REVIEW_CODE_MOVE,C:\Users\DirtySouth\TradingResearch\scripts\market_data\Massive_Market_Validation.py,Source move may break paths/imports; review first,,False,
MassiveAPI_Test,file,0,e3b0c44298fc1c149afbf4c8996fb92427ae41e4649b934ca495991b7852b855,market_data,DELETE_SAFE,,Known zero-byte temporary/diagnostic file,pmpd_v4_commit_files.txt,False,
MassiveAPI_Test.py,file,3821,4598cc2d7a395ea02251fd694d32b60ab5c68fa0f35b66c6e940069a92b2e1a9,market_data,REVIEW_CODE_MOVE,C:\Users\DirtySouth\TradingResearch\scripts\market_data\MassiveAPI_Test.py,Source move may break paths/imports; review first,,False,
OlderProjectFolders,dir,0,,core,KEEP_ROOT,,Core directory,,False,
OSI_1.0.0A_Parity.pine,file,47464,0bdd62179fd1aff6aa4c7993cc83dc419f64060700af37f8216617902dc84100,other,REVIEW_CODE_MOVE,C:\Users\DirtySouth\TradingResearch\pine\other\OSI_1.0.0A_Parity.pine,Source move may break paths/imports; review first,,False,
OSI_1.0.0A_Parity_FIX1.pine,file,44500,0d767f9862646bca664673f215463c50adf3a30c8b280c90a5170d60778ae20c,other,REVIEW_CODE_MOVE,C:\Users\DirtySouth\TradingResearch\pine\other\OSI_1.0.0A_Parity_FIX1.pine,Source move may break paths/imports; review first,,False,
OSI_1.0.0A_Parity_FIX2.pine,file,44476,422259d8ca75cd6ba4539d08ca0465471e1b78b9e312bebfb024d927fa1c4aa1,other,REVIEW_CODE_MOVE,C:\Users\DirtySouth\TradingResearch\pine\other\OSI_1.0.0A_Parity_FIX2.pine,Source move may break paths/imports; review first,,False,
OSI_1.0.0A_Parity_FIX3.pine,file,41446,f17a325821d5957c1f38b30712d6ed7f7278e2df49f31ffd4100a73270ef9452,other,REVIEW_CODE_MOVE,C:\Users\DirtySouth\TradingResearch\pine\other\OSI_1.0.0A_Parity_FIX3.pine,Source move may break paths/imports; review first,,False,
OSI_1.0.0A_Parity_FIX4.pine,file,45435,9cb312cb32d4f5fbf03553fcb7244000994ea178a28fc072783b6b5ac0ea8d78,other,REVIEW_CODE_MOVE,C:\Users\DirtySouth\TradingResearch\pine\other\OSI_1.0.0A_Parity_FIX4.pine,Source move may break paths/imports; review first,,False,
OSI_1.0.0A_Parity_FIX5.pine,file,46019,93b6935d7e19f85a92ee2dd7da3923f67a947f5a405a3e49b84ed0b5391a9335,other,REVIEW_CODE_MOVE,C:\Users\DirtySouth\TradingResearch\pine\other\OSI_1.0.0A_Parity_FIX5.pine,Source move may break paths/imports; review first,,False,
OSI_1.0.0A_Parity_FIX6.pine,file,46155,b70418f04c916832f5f267560cd85b0fc813e71b0a17157e16f7ff9bb986bc61,other,REVIEW_CODE_MOVE,C:\Users\DirtySouth\TradingResearch\pine\other\OSI_1.0.0A_Parity_FIX6.pine,Source move may break paths/imports; review first,,False,
OSI_1.0.0A_Parity_FIX7.pine,file,54472,79e88c3262a4200adcae90f69d02155cc459fd362ac73b36566a68419c023fa4,other,REVIEW_CODE_MOVE,C:\Users\DirtySouth\TradingResearch\pine\other\OSI_1.0.0A_Parity_FIX7.pine,Source move may break paths/imports; review first,,False,
OSI_1.0.0A_Parity_FIX8.pine,file,55564,7c3dc32f1700b6ed2074039c2d20f4fea6723be42c52d65d6249c53c26c8f972,other,REVIEW_CODE_MOVE,C:\Users\DirtySouth\TradingResearch\pine\other\OSI_1.0.0A_Parity_FIX8.pine,Source move may break paths/imports; review first,,False,
OSI_1.0.0A_Parity_FIX9.pine,file,59448,dfc55569e36f0e4fa1f4f622f4877352d218e6dccbddc47c9c35026da012a8ef,other,REVIEW_CODE_MOVE,C:\Users\DirtySouth\TradingResearch\pine\other\OSI_1.0.0A_Parity_FIX9.pine,Source move may break paths/imports; review first,,False,
parse_9n_3f_tradingview_csv.py,file,3748,816338e4c60c96b061fc1768c1a63d2ee000b796e74198ec53703b38105642f3,other,REVIEW_CODE_MOVE,C:\Users\DirtySouth\TradingResearch\scripts\other\parse_9n_3f_tradingview_csv.py,Source move may break paths/imports; review first,,False,
patch_9k_discovery_bool_cast.py,file,441,4bf6c635d30dddb12e106613faaaf502fb0dfe50f0a89d146f2ee6416ae28da4,other,REVIEW_CODE_MOVE,C:\Users\DirtySouth\TradingResearch\scripts\other\patch_9k_discovery_bool_cast.py,Source move may break paths/imports; review first,,False,
patch_9n_3f2_compact_csv_parity.py,file,7618,dc4fcb2eb32fb6d043501b92d48e220c43746e7bbdae46afe02c4f695f1e6275,other,REVIEW_CODE_MOVE,C:\Users\DirtySouth\TradingResearch\scripts\other\patch_9n_3f2_compact_csv_parity.py,Source move may break paths/imports; review first,,False,
patch_9n_3f3_robust_compact_csv_parity.py,file,9216,607f2a6201e53ef90e85ba80838e4467ab32e148aee226e55d9af517ea6c35fd,other,REVIEW_CODE_MOVE,C:\Users\DirtySouth\TradingResearch\scripts\other\patch_9n_3f3_robust_compact_csv_parity.py,Source move may break paths/imports; review first,,False,
patch_9n_3f4_data_window_csv_export.py,file,1773,0a6688fc9ce73f5e2e02e7c4cce2c6c6959c36ef141c4bf3a03def72b5df0904,other,REVIEW_CODE_MOVE,C:\Users\DirtySouth\TradingResearch\scripts\other\patch_9n_3f4_data_window_csv_export.py,Source move may break paths/imports; review first,,False,
patch_9n_3f5_frozen_date_level_export.py,file,3446,485e47eba36fcb12972611ad39ff7102fbaad78bfa133de17e08f44db06d948e,other,REVIEW_CODE_MOVE,C:\Users\DirtySouth\TradingResearch\scripts\other\patch_9n_3f5_frozen_date_level_export.py,Source move may break paths/imports; review first,,False,
patch_9n_3f_csv_parity_export.py,file,8846,06ce6c0c5ff385245f6928b15d3be514c9c3609034ef96cb5fedefc56e768060,other,REVIEW_CODE_MOVE,C:\Users\DirtySouth\TradingResearch\scripts\other\patch_9n_3f_csv_parity_export.py,Source move may break paths/imports; review first,,False,
patch_certify_v2_full50_parity.py,file,966,1fe8448cbd9874f441c1ed321fad899a6630f22665bf624faf134021fee948cc,other,REVIEW_CODE_MOVE,C:\Users\DirtySouth\TradingResearch\scripts\other\patch_certify_v2_full50_parity.py,Source move may break paths/imports; review first,,False,
patch_discovery_stage1_restrict_features.py,file,1416,71de94d449859f189259e418251bfdb71a78f6e81460e91bd1239148b9fb0ba4,other,REVIEW_CODE_MOVE,C:\Users\DirtySouth\TradingResearch\scripts\other\patch_discovery_stage1_restrict_features.py,Source move may break paths/imports; review first,,False,
patch_dp4_derivation_duplicate_decision_id.py,file,750,31d59e46bec241ea4a9257a322bb58a878a8f1bfaebc7f0549307ca13683115b,other,REVIEW_CODE_MOVE,C:\Users\DirtySouth\TradingResearch\scripts\other\patch_dp4_derivation_duplicate_decision_id.py,Source move may break paths/imports; review first,,False,
patch_dp4_derivation_timezone.py,file,489,c61fc11e8cc65695a780370fef6660368be87652dc670dee0cc813ba575c48b4,other,REVIEW_CODE_MOVE,C:\Users\DirtySouth\TradingResearch\scripts\other\patch_dp4_derivation_timezone.py,Source move may break paths/imports; review first,,False,
patch_outcome_independence_comment_filter.py,file,987,36decba6a62963dfd68ae27699594cba459660e2c25e0059f3b4a2e9b6421e7f,other,REVIEW_CODE_MOVE,C:\Users\DirtySouth\TradingResearch\scripts\other\patch_outcome_independence_comment_filter.py,Source move may break paths/imports; review first,,False,
patch_outcome_join_ambiguous_same_bar.py,file,1170,8f4a0d4da872509d719fcffb44a3a23ef7ce776f1ecb17d4364f91dc73c50366,other,REVIEW_CODE_MOVE,C:\Users\DirtySouth\TradingResearch\scripts\other\patch_outcome_join_ambiguous_same_bar.py,Source move may break paths/imports; review first,,False,
patch_outcome_join_prefer_canonical_label.py,file,849,473871a03b587e4ccf9786107c260a5119df7cd43b8e6bc0e4a2dd250a4c442a,other,REVIEW_CODE_MOVE,C:\Users\DirtySouth\TradingResearch\scripts\other\patch_outcome_join_prefer_canonical_label.py,Source move may break paths/imports; review first,,False,
patch_validation_robustness_block_repair_v3.py,file,1140,29b71b0b909e50b1e49a06c1c1619ce5ee9519a86256bbe789eefeb99ad63dbb,other,REVIEW_CODE_MOVE,C:\Users\DirtySouth\TradingResearch\scripts\other\patch_validation_robustness_block_repair_v3.py,Source move may break paths/imports; review first,,False,
patch_validation_robustness_corr_scope_v2.py,file,709,8792e37048f6baf5fe937aab209d93a12351b90c0febb1b1ba308c620bd8c933,other,REVIEW_CODE_MOVE,C:\Users\DirtySouth\TradingResearch\scripts\other\patch_validation_robustness_corr_scope_v2.py,Source move may break paths/imports; review first,,False,
patch_validation_robustness_no_scipy.py,file,609,92cfca2f80ad2a5a7344d4b6e66ce25dee5f3b37314212e1fd5c1f144a4ee40f,other,REVIEW_CODE_MOVE,C:\Users\DirtySouth\TradingResearch\scripts\other\patch_validation_robustness_no_scipy.py,Source move may break paths/imports; review first,,False,
PM + PD Breakout Monitor - V4 8H-7 Parity Capture.pine,file,254147,54b708176a5e81d39cbb7aa3cb7cd92de0a44528f3411cae78dedcfaeee07e73,other,REVIEW_CODE_MOVE,C:\Users\DirtySouth\TradingResearch\pine\other\PM + PD Breakout Monitor - V4 8H-7 Parity Capture.pine,Source move may break paths/imports; review first,,False,
PM + PD Breakout Monitor - V4 Forward Validation FINAL.pine,file,230810,e3ffd188a90ed2db077de1b60479cad13b5ba6ad97f9163b8b8d4a808b7dd2e1,other,REVIEW_CODE_MOVE,C:\Users\DirtySouth\TradingResearch\pine\other\PM + PD Breakout Monitor - V4 Forward Validation FINAL.pine,Source move may break paths/imports; review first,PM_PD_Breakout_V4_8H7_Parity_Capture_PRE_PATCH_BACKUP.pine,False,
PM_PD_Breakout_V4_8H7_Parity_Capture.pine,file,253558,01bd8e441ab4a32245807bf745676a3cb746e01c4dcb336f00fc64664ae5c88c,pmpd,REVIEW_CODE_MOVE,C:\Users\DirtySouth\TradingResearch\pine\pmpd\PM_PD_Breakout_V4_8H7_Parity_Capture.pine,Source move may break paths/imports; review first,,False,
PM_PD_Breakout_V4_8H7_Parity_Capture_FULL.pine,file,246371,79b9d80f0ec2c254bd69607ff626c2007ae7e617018d984f083ba2a25e7ba681,pmpd,REVIEW_CODE_MOVE,C:\Users\DirtySouth\TradingResearch\pine\pmpd\PM_PD_Breakout_V4_8H7_Parity_Capture_FULL.pine,Source move may break paths/imports; review first,,False,
PM_PD_Breakout_V4_8H7_Parity_Capture_PRE_PATCH_BACKUP.pine,file,230810,e3ffd188a90ed2db077de1b60479cad13b5ba6ad97f9163b8b8d4a808b7dd2e1,pmpd,REVIEW_CODE_MOVE,C:\Users\DirtySouth\TradingResearch\pine\pmpd\PM_PD_Breakout_V4_8H7_Parity_Capture_PRE_PATCH_BACKUP.pine,Source move may break paths/imports; review first,PM + PD Breakout Monitor - V4 Forward Validation FINAL.pine,False,
PM_PD_Breakout_V4_8H7_Parity_Capture_PRE_SYMBOL_GUARD.pine,file,254713,845068fd382947270df861c1022220e8c6105161affac4d9ad1d8bcd19a6ebf8,pmpd,REVIEW_CODE_MOVE,C:\Users\DirtySouth\TradingResearch\pine\pmpd\PM_PD_Breakout_V4_8H7_Parity_Capture_PRE_SYMBOL_GUARD.pine,Source move may break paths/imports; review first,,False,
PM_PD_Breakout_V4_9N_3F3_COMPACT_CSV_Parity_Export.pine,file,117726,44a47d3d02bb18bcb6a624cc3a608782f7dd207f44ce01ae936f20656f8788b4,pmpd,REVIEW_CODE_MOVE,C:\Users\DirtySouth\TradingResearch\pine\pmpd\PM_PD_Breakout_V4_9N_3F3_COMPACT_CSV_Parity_Export.pine,Source move may break paths/imports; review first,,False,
PM_PD_Breakout_V4_9N_3F4_DATA_WINDOW_CSV_Parity_Export.pine,file,121621,e8bf58312402e990c66f0b0312099881a3e0e1ec1beeb42028c0f6f7e82138ae,pmpd,REVIEW_CODE_MOVE,C:\Users\DirtySouth\TradingResearch\pine\pmpd\PM_PD_Breakout_V4_9N_3F4_DATA_WINDOW_CSV_Parity_Export.pine,Source move may break paths/imports; review first,,False,
PM_PD_Breakout_V4_9N_3F5_FROZEN_DATE_LEVEL_CSV_Parity_Export.pine,file,126038,ae6c26908893bab2c8fcc6fac535175ac2e8a03be2da71fd12bb03971c00541e,pmpd,REVIEW_CODE_MOVE,C:\Users\DirtySouth\TradingResearch\pine\pmpd\PM_PD_Breakout_V4_9N_3F5_FROZEN_DATE_LEVEL_CSV_Parity_Export.pine,Source move may break paths/imports; review first,,False,
PM_PD_Breakout_V4_9N_3F_CSV_Parity_Export.pine,file,261430,bef8757ebd199d39f4f3926a30ea7a8cdd1f89be9f42caf04f570a44a7ed9f0c,pmpd,REVIEW_CODE_MOVE,C:\Users\DirtySouth\TradingResearch\pine\pmpd\PM_PD_Breakout_V4_9N_3F_CSV_Parity_Export.pine,Source move may break paths/imports; review first,,False,
PMPD_8H7B2A_PARITY_CLASSIFICATION_PATCH.pine,file,22702,fb416860d1036cab071d984e3a5ca43c2c77aa251e18b27396cd581a2c0cba8d,pmpd,REVIEW_CODE_MOVE,C:\Users\DirtySouth\TradingResearch\pine\pmpd\PMPD_8H7B2A_PARITY_CLASSIFICATION_PATCH.pine,Source move may break paths/imports; review first,,False,
pmpd_v4_commit_files.txt,file,0,e3b0c44298fc1c149afbf4c8996fb92427ae41e4649b934ca495991b7852b855,pmpd,DELETE_SAFE,,Known zero-byte temporary/diagnostic file,MassiveAPI_Test,False,
PMPD_V5_9I_FINAL_CLOSEOUT (1).zip,file,3220,30f0e6841150f427b0c5288abfc3a4e8b4f00c27b61f478041cc994db619a109,pmpd,MOVE_SAFE,C:\Users\DirtySouth\TradingResearch\archive\packages\pmpd\PMPD_V5_9I_FINAL_CLOSEOUT (1).zip,Transport/archive package,,False,
pmpd_v5_9j_vwap_event_path_v2.py,file,6887,77d01fcb1ed7ba0804e7cfda226b433df29afb41737d525445d6078eea8e5e82,pmpd,REVIEW_CODE_MOVE,C:\Users\DirtySouth\TradingResearch\scripts\pmpd\pmpd_v5_9j_vwap_event_path_v2.py,Source move may break paths/imports; review first,,False,
preflight_9k_dp4_candidate_matrix.py,file,5500,d93e7146bff16d93d78c53039a0af0d89e6ebe8ab5ee10104017f08602621553,other,REVIEW_CODE_MOVE,C:\Users\DirtySouth\TradingResearch\scripts\other\preflight_9k_dp4_candidate_matrix.py,Source move may break paths/imports; review first,,False,
preflight_9m_dp4_candidate_extraction.py,file,2022,b6b811c3420eb72cddfbbfeb919952fd0e3bc0dce894fc226d7a3356a79c5c63,other,REVIEW_CODE_MOVE,C:\Users\DirtySouth\TradingResearch\scripts\other\preflight_9m_dp4_candidate_extraction.py,Source move may break paths/imports; review first,,False,
preflight_9m_oos_engine.py,file,1754,5d880cb07e06792997213b886132b00e5261df73446dc23b352219bf079ed7ca,other,REVIEW_CODE_MOVE,C:\Users\DirtySouth\TradingResearch\scripts\other\preflight_9m_oos_engine.py,Source move may break paths/imports; review first,,False,
preflight_9n_v4_implementation.py,file,2980,ddf419a87ca84284ed57ce98b1b7bca0db13f212740cdeaee971aa79a315fb0e,other,REVIEW_CODE_MOVE,C:\Users\DirtySouth\TradingResearch\scripts\other\preflight_9n_v4_implementation.py,Source move may break paths/imports; review first,,False,
probe_9n_3l_vrtx_live_vendor_vs_cache.py,file,5701,942c036af0257632e079c5d8e4546dd52e6105c626ba1f8486eb49e625645145,other,REVIEW_CODE_MOVE,C:\Users\DirtySouth\TradingResearch\scripts\other\probe_9n_3l_vrtx_live_vendor_vs_cache.py,Source move may break paths/imports; review first,,False,
README.md,file,655,4896ffb302399c61ebfb6c0a97143a284c1a9d2738d16b0df2e723e24612ffab,other,KEEP_ROOT,,Repository-level file,,False,
recover_9n_parity_reference_evidence_v1.py,file,3952,beb8d0bb72364d43fc5932a9c5d60608b4ed8797288fadc82f2fdd0ac9237bb3,other,REVIEW_CODE_MOVE,C:\Users\DirtySouth\TradingResearch\scripts\other\recover_9n_parity_reference_evidence_v1.py,Source move may break paths/imports; review first,,False,
report_a53_v2_prospective_checkpoint_v1.py,file,2296,71d9a2b6a9270b5ce0b6f71f81b8cd05b37e223cb13863258ca46c870ac4296c,second1m,REVIEW_CODE_MOVE,C:\Users\DirtySouth\TradingResearch\scripts\second1m\report_a53_v2_prospective_checkpoint_v1.py,Source move may break paths/imports; review first,,False,
report_altc2_prospective_checkpoint_v1.py,file,7131,80ad61aa462fb253210de63853b40ad21af61475a4da9991c7f4ffbc34da49b3,second1m,REVIEW_CODE_MOVE,C:\Users\DirtySouth\TradingResearch\scripts\second1m\report_altc2_prospective_checkpoint_v1.py,Source move may break paths/imports; review first,,False,
requirements.txt,file,398,e3980e60a6ba89cccf8e37f423f293123c86494337d8661c4d7aec44ec6d1d93,other,KEEP_ROOT,,Repository-level file,,False,
rerun_full_v2_current_core.ps1,file,2288,2de672788eba76ab6b00954a05158ceb714c8d810f87781bb7035dcb59e22982,other,REVIEW_CODE_MOVE,C:\Users\DirtySouth\TradingResearch\scripts\other\rerun_full_v2_current_core.ps1,Source move may break paths/imports; review first,,False,
research,dir,0,,core,KEEP_ROOT,,Core directory,,False,
research_a39_predeclared_transition_screen_v1.py,file,3913,e9f4ad130413ddf8b5eef24c91853f35f13f0e8633e797d92c318948281c4ef5,second1m,REVIEW_CODE_MOVE,C:\Users\DirtySouth\TradingResearch\scripts\second1m\research_a39_predeclared_transition_screen_v1.py,Source move may break paths/imports; review first,,False,
research_a39_predeclared_transition_screen_v1_1.py,file,6154,4349ed1f794d704be2697b627316e4ed0c408602663827ec68b0f978f4a7ed79,second1m,REVIEW_CODE_MOVE,C:\Users\DirtySouth\TradingResearch\scripts\second1m\research_a39_predeclared_transition_screen_v1_1.py,Source move may break paths/imports; review first,,False,
research_a39_predeclared_transition_screen_v1_2.py,file,5602,93f157a7f6938a1a3e3359cad42a66be04923512e73714c274b5a535a7585b34,second1m,REVIEW_CODE_MOVE,C:\Users\DirtySouth\TradingResearch\scripts\second1m\research_a39_predeclared_transition_screen_v1_2.py,Source move may break paths/imports; review first,,False,
research_a41_predeclared_market_open_state_screen_v1.py,file,2958,f5449acfd619c0075d48386d17614812eb112aada195e9da35444a6110f6d65a,second1m,REVIEW_CODE_MOVE,C:\Users\DirtySouth\TradingResearch\scripts\second1m\research_a41_predeclared_market_open_state_screen_v1.py,Source move may break paths/imports; review first,,False,
research_a42_discovery_frozen_quintile_screen_v1.py,file,4032,76fa909b58fca6557d4a850f26c6f27a152b628d6a37e3b384a506818350bff5,second1m,REVIEW_CODE_MOVE,C:\Users\DirtySouth\TradingResearch\scripts\second1m\research_a42_discovery_frozen_quintile_screen_v1.py,Source move may break paths/imports; review first,,False,
research_a43_discovery_frozen_quintile_screen_v1.py,file,4147,db68d27e3353f0d2a77f3e39ad41b878f0b407ed21caf9449ed1d2606ea28bf1,second1m,REVIEW_CODE_MOVE,C:\Users\DirtySouth\TradingResearch\scripts\second1m\research_a43_discovery_frozen_quintile_screen_v1.py,Source move may break paths/imports; review first,,False,
research_a44_discovery_frozen_quintile_screen_v1.py,file,4353,f81c6f8909a4497f91de4856f4b87ae02d0dec7dc0220f6f0a0d880ae6c2db00,second1m,REVIEW_CODE_MOVE,C:\Users\DirtySouth\TradingResearch\scripts\second1m\research_a44_discovery_frozen_quintile_screen_v1.py,Source move may break paths/imports; review first,,False,
research_a45_predeclared_path_state_screen_v1.py,file,2732,bbadf7657f18862a4408b283f49de26d4a55a0f97e25d78d2dc0b5e844950301,second1m,REVIEW_CODE_MOVE,C:\Users\DirtySouth\TradingResearch\scripts\second1m\research_a45_predeclared_path_state_screen_v1.py,Source move may break paths/imports; review first,,False,
research_a47_discovery_frozen_confluence_quintile_screen_v1.py,file,4233,8c4b0a7268b1715c1322adf530a061ed6deea86bdf466eabd061cf885ddcce2f,second1m,REVIEW_CODE_MOVE,C:\Users\DirtySouth\TradingResearch\scripts\second1m\research_a47_discovery_frozen_confluence_quintile_screen_v1.py,Source move may break paths/imports; review first,,False,
research_a49_discovery_frozen_opening_liquidity_quintile_screen_v1.py,file,3347,2e0a3abe5a64c074f3cc75335830f3de200f44b245b7758e8733d18689a60026,second1m,REVIEW_CODE_MOVE,C:\Users\DirtySouth\TradingResearch\scripts\second1m\research_a49_discovery_frozen_opening_liquidity_quintile_screen_v1.py,Source move may break paths/imports; review first,,False,
research_outputs,dir,0,,core,KEEP_ROOT,,Core directory,,False,
research_second1m_ae2_c2_predictors_v1.py,file,21681,90845e5768b4506c1904aee8e456e5602bfad993c325dc758bcce67d3c847d3e,second1m,REVIEW_CODE_MOVE,C:\Users\DirtySouth\TradingResearch\scripts\second1m\research_second1m_ae2_c2_predictors_v1.py,Source move may break paths/imports; review first,,False,
research_second1m_ae2_calendar_v1.py,file,29584,1edbd41c174f5b26ec1e8f8a10992840cc38b753f9cf1db062375c060f39a3bd,second1m,REVIEW_CODE_MOVE,C:\Users\DirtySouth\TradingResearch\scripts\second1m\research_second1m_ae2_calendar_v1.py,Source move may break paths/imports; review first,,False,
research_second1m_ae2_candidate_models_v1.py,file,31675,90f534b75d9233337b4f5d837e118e1a8dd43c091698a1e1d03cbbadd5a7a940,second1m,REVIEW_CODE_MOVE,C:\Users\DirtySouth\TradingResearch\scripts\second1m\research_second1m_ae2_candidate_models_v1.py,Source move may break paths/imports; review first,,False,
research_second1m_ae2_daily_trend_v1.py,file,26923,720ac1b6570a21c14ad227c083e34b4e03129acdf9ff2970a77dac2c9d0288b9,second1m,REVIEW_CODE_MOVE,C:\Users\DirtySouth\TradingResearch\scripts\second1m\research_second1m_ae2_daily_trend_v1.py,Source move may break paths/imports; review first,,False,
research_second1m_ae2_final_temporal_audit_v1.py,file,18191,3f7568057f776aacb4e983177c15ba272a3f9e394a940c2682c3295b1204dd98,second1m,REVIEW_CODE_MOVE,C:\Users\DirtySouth\TradingResearch\scripts\second1m\research_second1m_ae2_final_temporal_audit_v1.py,Source move may break paths/imports; review first,,False,
research_second1m_ae2_interaction_promotion_v1.py,file,28909,52c0d3b2179f910385ea688bbd56d126e6708879728e29dba0cb3367f59c241d,second1m,REVIEW_CODE_MOVE,C:\Users\DirtySouth\TradingResearch\scripts\second1m\research_second1m_ae2_interaction_promotion_v1.py,Source move may break paths/imports; review first,,False,
research_second1m_ae2_interactions_v1.py,file,53271,c813a55b9e1ac6bbc5c264477efc2107b5e5fa2e3300dbeabdb663e1262cf6e8,second1m,REVIEW_CODE_MOVE,C:\Users\DirtySouth\TradingResearch\scripts\second1m\research_second1m_ae2_interactions_v1.py,Source move may break paths/imports; review first,,False,
research_second1m_ae2_ma_context_v1.py,file,32107,f739d78f6d76c803ab78715ad189fb38ae90a5293d1dd3f033107470196d8089,second1m,REVIEW_CODE_MOVE,C:\Users\DirtySouth\TradingResearch\scripts\second1m\research_second1m_ae2_ma_context_v1.py,Source move may break paths/imports; review first,,False,
research_second1m_ae2_market_regime_robustness_v1.py,file,18062,12d7b0f2c66388f1f4ab3ca3b6fb7cf98bfd2075afc155c83bfafda6c08315d4,second1m,REVIEW_CODE_MOVE,C:\Users\DirtySouth\TradingResearch\scripts\second1m\research_second1m_ae2_market_regime_robustness_v1.py,Source move may break paths/imports; review first,,False,
research_second1m_ae2_market_regime_v1.py,file,42324,a083f5be09e4cc13dd2241017db4017a69d266866d112e019a46c8bc59b9893b,second1m,REVIEW_CODE_MOVE,C:\Users\DirtySouth\TradingResearch\scripts\second1m\research_second1m_ae2_market_regime_v1.py,Source move may break paths/imports; review first,,False,
research_second1m_ae2_opening_volume_v1.py,file,39117,ca12647339fdf060d494462171ee94e4709d638e4ad628d5afa388ad76e546c0,second1m,REVIEW_CODE_MOVE,C:\Users\DirtySouth\TradingResearch\scripts\second1m\research_second1m_ae2_opening_volume_v1.py,Source move may break paths/imports; review first,,False,
research_second1m_ae2_postsignal_paths_v1.py,file,38559,88849766fab7b6e50e7d061174f797eac03967ec0f383c5107b6eacee54a9636,second1m,REVIEW_CODE_MOVE,C:\Users\DirtySouth\TradingResearch\scripts\second1m\research_second1m_ae2_postsignal_paths_v1.py,Source move may break paths/imports; review first,,False,
research_second1m_ae2_preferred_level_timing_v1.py,file,5763,f6419ce354d8c2194e9487d6676b9d72d02f2a030634d8be84dd8b0145e0261b,second1m,REVIEW_CODE_MOVE,C:\Users\DirtySouth\TradingResearch\scripts\second1m\research_second1m_ae2_preferred_level_timing_v1.py,Source move may break paths/imports; review first,,False,
research_second1m_ae2_premarket_context_v1.py,file,47996,149b6cf92c65492a791d66aac3a6b2bf144aca2a7524cd5a04cf7848f7127960,second1m,REVIEW_CODE_MOVE,C:\Users\DirtySouth\TradingResearch\scripts\second1m\research_second1m_ae2_premarket_context_v1.py,Source move may break paths/imports; review first,,False,
research_second1m_ae2_premarket_robustness_v1.py,file,30112,006413cc7c7b5a06a0d2481d64a4cc5cbc6bdf6460814ff5fd8d9a67cc5b7620,second1m,REVIEW_CODE_MOVE,C:\Users\DirtySouth\TradingResearch\scripts\second1m\research_second1m_ae2_premarket_robustness_v1.py,Source move may break paths/imports; review first,,False,
research_second1m_ae2_relative_strength_robustness_v1.py,file,25820,2a006c3fb153ed91b9c920a83fff8325dfb127aa5e8be1727ded6b6f7a902554,second1m,REVIEW_CODE_MOVE,C:\Users\DirtySouth\TradingResearch\scripts\second1m\research_second1m_ae2_relative_strength_robustness_v1.py,Source move may break paths/imports; review first,,False,
research_second1m_ae2_relative_strength_v1.py,file,32611,3c1c8f5f82a4a38c23166c73083da610b479c6877390e1ab5dc9af7b3ebe4925,second1m,REVIEW_CODE_MOVE,C:\Users\DirtySouth\TradingResearch\scripts\second1m\research_second1m_ae2_relative_strength_v1.py,Source move may break paths/imports; review first,,False,
research_second1m_ae2_robustness_v1.py,file,20107,3d5a3e9d55aa104eb86192ab5a2811043cbe2ea8149cc110117a50de1a4d1f98,second1m,REVIEW_CODE_MOVE,C:\Users\DirtySouth\TradingResearch\scripts\second1m\research_second1m_ae2_robustness_v1.py,Source move may break paths/imports; review first,,False,
research_second1m_ae2_session_level_geometry_v1.py,file,14043,82c12257744f4393c69cabefb65b06cab82416219e9efde7b1121abc9e0b1892,second1m,REVIEW_CODE_MOVE,C:\Users\DirtySouth\TradingResearch\scripts\second1m\research_second1m_ae2_session_level_geometry_v1.py,Source move may break paths/imports; review first,,False,
research_second1m_ae2_session_level_geometry_v1_1.py,file,14280,b95c39bb8b33aef04ab9771f293004100291b766e099895ed764bec3be19e69f,second1m,REVIEW_CODE_MOVE,C:\Users\DirtySouth\TradingResearch\scripts\second1m\research_second1m_ae2_session_level_geometry_v1_1.py,Source move may break paths/imports; review first,,False,
research_second1m_ae2_session_levels_robustness_v1.py,file,27348,9b5bc647d40f4f0e34e315c11623a8942d042ad30a32784f7133656934f30ae6,second1m,REVIEW_CODE_MOVE,C:\Users\DirtySouth\TradingResearch\scripts\second1m\research_second1m_ae2_session_levels_robustness_v1.py,Source move may break paths/imports; review first,,False,
research_second1m_ae2_session_levels_v1.py,file,60645,b73a5742ad8d368888aff4776d131fc4734f868db87dbacc735427b1ffd97d3b,second1m,REVIEW_CODE_MOVE,C:\Users\DirtySouth\TradingResearch\scripts\second1m\research_second1m_ae2_session_levels_v1.py,Source move may break paths/imports; review first,,False,
research_second1m_ae2_short_ma_warning_v1.py,file,18374,481a807ec6911437d3e3c49ff6b2c0a88077e8530ff306fc187b24f2c72c7673,second1m,REVIEW_CODE_MOVE,C:\Users\DirtySouth\TradingResearch\scripts\second1m\research_second1m_ae2_short_ma_warning_v1.py,Source move may break paths/imports; review first,,False,
research_second1m_ae2_three_index_regime_v1.py,file,29428,0b312bfe7142cad001fd1bda607b7edb8c18cff5bc639137274bb3a15175d0a1,second1m,REVIEW_CODE_MOVE,C:\Users\DirtySouth\TradingResearch\scripts\second1m\research_second1m_ae2_three_index_regime_v1.py,Source move may break paths/imports; review first,,False,
research_second1m_ae2_trend_exhaustion_robustness_v1.py,file,22904,2f4c4039a87c805dbafab4ec8dcda96b1d1073bd6cf500b119bcbbb0688d4d80,second1m,REVIEW_CODE_MOVE,C:\Users\DirtySouth\TradingResearch\scripts\second1m\research_second1m_ae2_trend_exhaustion_robustness_v1.py,Source move may break paths/imports; review first,,False,
research_second1m_ae2_volume_robustness_v1.py,file,30991,57ce693672a9e363ea4b794812704659b70d235a828412a6dd6fdaaccadce442,second1m,REVIEW_CODE_MOVE,C:\Users\DirtySouth\TradingResearch\scripts\second1m\research_second1m_ae2_volume_robustness_v1.py,Source move may break paths/imports; review first,,False,
research_second1m_ae2_warning_context_v1.py,file,46880,84090f0d70fb063e4d7ea48dae25bbe1966e93ced908fcbc818af90b62a3f0d4,second1m,REVIEW_CODE_MOVE,C:\Users\DirtySouth\TradingResearch\scripts\second1m\research_second1m_ae2_warning_context_v1.py,Source move may break paths/imports; review first,,False,
research_second1m_ae2_warning_exit_utility_v1.py,file,37683,877c57a28bd2997e05122b7c4034cc70cbd0dcf9ea8a22c817f52e42c457b9c2,second1m,REVIEW_CODE_MOVE,C:\Users\DirtySouth\TradingResearch\scripts\second1m\research_second1m_ae2_warning_exit_utility_v1.py,Source move may break paths/imports; review first,,False,
research_second1m_ae2_warning_timing_v1.py,file,42805,ec55c60ba7a87dddadabfd28c9581b2623d7f93e8f6309b794cdae78f8bbd0f7,second1m,REVIEW_CODE_MOVE,C:\Users\DirtySouth\TradingResearch\scripts\second1m\research_second1m_ae2_warning_timing_v1.py,Source move may break paths/imports; review first,,False,
research_second1m_ae2_weekly_trend_v1.py,file,30466,75a230bbfe412546a991eb713ddc529af91d82aedcf371456022d376b62a0096,second1m,REVIEW_CODE_MOVE,C:\Users\DirtySouth\TradingResearch\scripts\second1m\research_second1m_ae2_weekly_trend_v1.py,Source move may break paths/imports; review first,,False,
research_second1m_alt_entry_v1.py,file,34862,a37e192898fa44191938e0a6c9723857a703626e2d92fffd4b40777eb196fcda,second1m,REVIEW_CODE_MOVE,C:\Users\DirtySouth\TradingResearch\scripts\second1m\research_second1m_alt_entry_v1.py,Source move may break paths/imports; review first,,False,
run_9j_vwap_v2_discovery_stage1.py,file,13011,36eedee26b70e523c3e5d043b68b3e46d66254d72ef0f83ed153298457dc1994,other,REVIEW_CODE_MOVE,C:\Users\DirtySouth\TradingResearch\scripts\other\run_9j_vwap_v2_discovery_stage1.py,Source move may break paths/imports; review first,,False,
run_9j_vwap_v2_frozen_validation.py,file,9128,4c798f628e2b4dad8a811d5d1d011ba523ddbecffc7b11d15f1821be4b8c7c5b,other,REVIEW_CODE_MOVE,C:\Users\DirtySouth\TradingResearch\scripts\other\run_9j_vwap_v2_frozen_validation.py,Source move may break paths/imports; review first,,False,
run_9k_classifier_discovery_v1.py,file,5130,2585f8fb05490e5ee91d56a6d4cfa1cfec2f64684c2e22aead488535219ef330,other,REVIEW_CODE_MOVE,C:\Users\DirtySouth\TradingResearch\scripts\other\run_9k_classifier_discovery_v1.py,Source move may break paths/imports; review first,,False,
run_9k_frozen_ablation_v1.py,file,4491,d25c1c3b4199b55c09682687de65d23788a639e2b2729cc05784cc4df0322db1,other,REVIEW_CODE_MOVE,C:\Users\DirtySouth\TradingResearch\scripts\other\run_9k_frozen_ablation_v1.py,Source move may break paths/imports; review first,,False,
run_9k_frozen_validation_v1.py,file,5535,08cfed3683427f7f110b147238b64ca69a99478b0d6d31df421bcef5d686d120,other,REVIEW_CODE_MOVE,C:\Users\DirtySouth\TradingResearch\scripts\other\run_9k_frozen_validation_v1.py,Source move may break paths/imports; review first,,False,
run_9m_frozen_oos_evaluation_v1.py,file,5997,441f465abe2b7feaf6ef45d5eb2455e67f17954016ea7d2dde3e6e1388bd761e,other,REVIEW_CODE_MOVE,C:\Users\DirtySouth\TradingResearch\scripts\other\run_9m_frozen_oos_evaluation_v1.py,Source move may break paths/imports; review first,,False,
run_9n_3g2_vrtx_first_parity_case.py,file,5310,f85f3923f95c05152eb9b088535615cccdf32f341969b9f95093c94d31298ee5,other,REVIEW_CODE_MOVE,C:\Users\DirtySouth\TradingResearch\scripts\other\run_9n_3g2_vrtx_first_parity_case.py,Source move may break paths/imports; review first,,False,
run_9n_3g3_vrtx_first_parity_case.py,file,5245,b87f7a8676ae991a5d8d418b64d39dd0b3479e5fd831375e6684a76b3c4f2327,other,REVIEW_CODE_MOVE,C:\Users\DirtySouth\TradingResearch\scripts\other\run_9n_3g3_vrtx_first_parity_case.py,Source move may break paths/imports; review first,,False,
run_9n_3g4_vrtx_first_parity_case.py,file,5406,84d408a60e49a39bf9fb8b9311ef65ee8c567979dcb18ac5a25fcd7a9d5f791a,other,REVIEW_CODE_MOVE,C:\Users\DirtySouth\TradingResearch\scripts\other\run_9n_3g4_vrtx_first_parity_case.py,Source move may break paths/imports; review first,,False,
run_9n_3g_vrtx_first_parity_case.py,file,4794,39fde2a375739e7f969cbd6fee0787a3ef60458646122263b6a208dcbf555b0c,other,REVIEW_CODE_MOVE,C:\Users\DirtySouth\TradingResearch\scripts\other\run_9n_3g_vrtx_first_parity_case.py,Source move may break paths/imports; review first,,False,
run_9n_3m_24case_python_baseline.py,file,4552,f675436b2b4200094d42b399a5a34344edc7d26c92d91817986719ef260c837c,other,REVIEW_CODE_MOVE,C:\Users\DirtySouth\TradingResearch\scripts\other\run_9n_3m_24case_python_baseline.py,Source move may break paths/imports; review first,,False,
run_9n_3q_pine_pm_counterfactual.py,file,4794,fe97c7ef6733b83aa74169afa1aa159c7a7f29810a5e400a50cc5cfdd4989c28,other,REVIEW_CODE_MOVE,C:\Users\DirtySouth\TradingResearch\scripts\other\run_9n_3q_pine_pm_counterfactual.py,Source move may break paths/imports; review first,,False,
run_9n_3r_h2h_preflight.py,file,3456,ef737a58071b10f6a7264fbf8a999d19a7b652c840e5c031e6b93d919e445996,other,REVIEW_CODE_MOVE,C:\Users\DirtySouth\TradingResearch\scripts\other\run_9n_3r_h2h_preflight.py,Source move may break paths/imports; review first,,False,
run_9n_3s2_final_h2h.py,file,10211,7bff2d6d9009ec68a295cbec4d9b036b46fe93455fac531b5733c8a505e374e5,other,REVIEW_CODE_MOVE,C:\Users\DirtySouth\TradingResearch\scripts\other\run_9n_3s2_final_h2h.py,Source move may break paths/imports; review first,,False,
run_9n_3s_final_h2h.py,file,10201,f670d4edca6a89fb0d94544e32029c023a8b67e92cda7e297d944595b89e67d0,other,REVIEW_CODE_MOVE,C:\Users\DirtySouth\TradingResearch\scripts\other\run_9n_3s_final_h2h.py,Source move may break paths/imports; review first,,False,
run_altc2_prospective_validation_v1.py,file,31331,5f8f4d06c936796cdc68c380479d74d32f47a545aac68cbe97cfd00cd3dce018,second1m,REVIEW_CODE_MOVE,C:\Users\DirtySouth\TradingResearch\scripts\second1m\run_altc2_prospective_validation_v1.py,Source move may break paths/imports; review first,,False,
run_altc2_prospective_validation_v1_1.py,file,31890,4f6ea4c49e7fa4f9122e0d5fd4aa9b734f87112bb168fc6e7b57ea56fb9c282f,second1m,REVIEW_CODE_MOVE,C:\Users\DirtySouth\TradingResearch\scripts\second1m\run_altc2_prospective_validation_v1_1.py,Source move may break paths/imports; review first,,False,
run_altc2_prospective_validation_v1_2.py,file,32739,cc425505641dd1e9c54682ad652ae242ff5400c92e2d797fb3ef7add2f2824fc,second1m,REVIEW_CODE_MOVE,C:\Users\DirtySouth\TradingResearch\scripts\second1m\run_altc2_prospective_validation_v1_2.py,Source move may break paths/imports; review first,,False,
run_altc2_prospective_validation_v1_3.py,file,33504,07a0112c38b539aaffb17731ff51f8ef3d48cac624fca0ac4f0e984333ae2b12,second1m,REVIEW_CODE_MOVE,C:\Users\DirtySouth\TradingResearch\scripts\second1m\run_altc2_prospective_validation_v1_3.py,Source move may break paths/imports; review first,,False,
run_altc2_prospective_validation_v1_4.py,file,36849,4a0b1627260903ba1f78b9ddbf0272d4313ecf740586b3a581c624fbff524e01,second1m,REVIEW_CODE_MOVE,C:\Users\DirtySouth\TradingResearch\scripts\second1m\run_altc2_prospective_validation_v1_4.py,Source move may break paths/imports; review first,,False,
run_altc2_prospective_validation_v1_5.py,file,39271,8cccc24007baec3afe1303d89c7d15f1cbceb9e8d2344b924f3cd5c870f67557,second1m,REVIEW_CODE_MOVE,C:\Users\DirtySouth\TradingResearch\scripts\second1m\run_altc2_prospective_validation_v1_5.py,Source move may break paths/imports; review first,,False,
run_altc2_prospective_validation_v1_6.py,file,39566,e02fd961a0c764c27c2df5ebec8cd65b2e3d20e77d6928f33b621fd1d194770d,second1m,REVIEW_CODE_MOVE,C:\Users\DirtySouth\TradingResearch\scripts\second1m\run_altc2_prospective_validation_v1_6.py,Source move may break paths/imports; review first,,False,
run_controlled_batch.py,file,1158,bc55fcc22957511ccb604d52e79b77eb90ed185040d14ce51d28a592630fc556,other,REVIEW_CODE_MOVE,C:\Users\DirtySouth\TradingResearch\scripts\other\run_controlled_batch.py,Source move may break paths/imports; review first,,False,
run_full_v2_and_certify.ps1,file,4311,a13349a7285e32fbc0fd12491364f496bc9e1c8fbc5b8c0b9a9fd555297c3e6d,other,REVIEW_CODE_MOVE,C:\Users\DirtySouth\TradingResearch\scripts\other\run_full_v2_and_certify.ps1,Source move may break paths/imports; review first,,False,
run_v2_local.ps1,file,1118,44fee014a16060f213be0b7e158489b24d20d7373ca4d1e34779937741c14aa8,other,REVIEW_CODE_MOVE,C:\Users\DirtySouth\TradingResearch\scripts\other\run_v2_local.ps1,Source move may break paths/imports; review first,,False,
run_v2_stage1_discovery.ps1,file,5358,4b8c95b1bde5adc3da3abbef5defbeaa933c2f71547c876a7e7f83cbfd110474,other,REVIEW_CODE_MOVE,C:\Users\DirtySouth\TradingResearch\scripts\other\run_v2_stage1_discovery.ps1,Source move may break paths/imports; review first,,False,
run_v2_stage2_validation.ps1,file,2844,2df171779119ebc7d9d21266b2d383c63843a6a1628b1d21113bdcbe86a3cfcc,other,REVIEW_CODE_MOVE,C:\Users\DirtySouth\TradingResearch\scripts\other\run_v2_stage2_validation.ps1,Source move may break paths/imports; review first,,False,
S1M_FTHC_1.0.1A_Core.pine,file,21800,3f26d005d3a7f88b93b9a040527b1d331101e500a9496b69a949d41a8865bb61,second1m,REVIEW_CODE_MOVE,C:\Users\DirtySouth\TradingResearch\pine\second1m\S1M_FTHC_1.0.1A_Core.pine,Source move may break paths/imports; review first,,False,
S1M_FTHC_1.0.1B_Structure.pine,file,17587,eaf8176b7b7b164ccb8f58fe93e953420b6f1c04074df8ad42a8039c69e372df,second1m,REVIEW_CODE_MOVE,C:\Users\DirtySouth\TradingResearch\pine\second1m\S1M_FTHC_1.0.1B_Structure.pine,Source move may break paths/imports; review first,,False,
S1M_FTHC_1.0.2A_Core.pine,file,22369,bdfbeb7b1d6866e96a30432e00cd3696ba4b1dd2b19469d62a56463eecb76fe2,second1m,REVIEW_CODE_MOVE,C:\Users\DirtySouth\TradingResearch\pine\second1m\S1M_FTHC_1.0.2A_Core.pine,Source move may break paths/imports; review first,,False,
S1M_FTHC_1.0.2B_Structure.pine,file,17947,a3730d528a10878e93d307f255b10d0ad33ba31445032f15e1fa73fda3bc4637,second1m,REVIEW_CODE_MOVE,C:\Users\DirtySouth\TradingResearch\pine\second1m\S1M_FTHC_1.0.2B_Structure.pine,Source move may break paths/imports; review first,,False,
S1M_FTHC_1.0.3A_Core.pine,file,22551,834abc56186018219d380d4d2b900a8998ea0fb899d24fb3c71c02dc78d99670,second1m,REVIEW_CODE_MOVE,C:\Users\DirtySouth\TradingResearch\pine\second1m\S1M_FTHC_1.0.3A_Core.pine,Source move may break paths/imports; review first,,False,
S1M_FTHC_1.0.3B_Structure.pine,file,18721,98f13a239392017a1edf1f5b9e32b8a15a2a5798b1ceeaea82f4209d2d8fb6f5,second1m,REVIEW_CODE_MOVE,C:\Users\DirtySouth\TradingResearch\pine\second1m\S1M_FTHC_1.0.3B_Structure.pine,Source move may break paths/imports; review first,,False,
S1M_FTHC_1.0A_Core.pine,file,20778,263ee39a7211431edf7f17debe156c4625def1f2c5a44658715fd14cee8a02b8,second1m,REVIEW_CODE_MOVE,C:\Users\DirtySouth\TradingResearch\pine\second1m\S1M_FTHC_1.0A_Core.pine,Source move may break paths/imports; review first,,False,
S1M_FTHC_1.0B_Structure.pine,file,16775,ebef3910a5951a6fc9242baf4007b0331a84c57994800e45908afc9a8fd8acdb,second1m,REVIEW_CODE_MOVE,C:\Users\DirtySouth\TradingResearch\pine\second1m\S1M_FTHC_1.0B_Structure.pine,Source move may break paths/imports; review first,,False,
S1M_FTHC_1.0C_VWAP_Checkpoints.pine,file,13762,e56f73b7d4e166769078caeb3a006616fb99357c3d0a906d99c0eb34d09d2488,second1m,REVIEW_CODE_MOVE,C:\Users\DirtySouth\TradingResearch\pine\second1m\S1M_FTHC_1.0C_VWAP_Checkpoints.pine,Source move may break paths/imports; review first,,False,
S1M_RC_1.2.1A_Core_Research_Collector.pine,file,66622,68ec57191cbe551c23fee89539a46e9668f1dfff12aefde9c5f6f22fd44f7395,second1m,REVIEW_CODE_MOVE,C:\Users\DirtySouth\TradingResearch\pine\second1m\S1M_RC_1.2.1A_Core_Research_Collector.pine,Source move may break paths/imports; review first,,False,
S1M_RC_1.2.2A_Core_Research_Collector.pine,file,69373,3aa0ffe66a5aab4bdb0cb75ce4f8dbbfed3d96f1550838ed39f64d67cd7e0b07,second1m,REVIEW_CODE_MOVE,C:\Users\DirtySouth\TradingResearch\pine\second1m\S1M_RC_1.2.2A_Core_Research_Collector.pine,Source move may break paths/imports; review first,,False,
S1M_RC_1.2A_Core_Research_Collector.pine,file,63442,13474983bf5d16f6d7e646dbe696a8c167d4d724f081f85b2adafeca4d9c4146,second1m,REVIEW_CODE_MOVE,C:\Users\DirtySouth\TradingResearch\pine\second1m\S1M_RC_1.2A_Core_Research_Collector.pine,Source move may break paths/imports; review first,,False,
S1M_RC_1.2B_Raw_HTF_Context_Exporter (1).pine,file,9515,d59081cd5068930ff88346cd0d02d865463bb42ce91c9d7ff882dd79ecd4e628,second1m,DELETE_SAFE,,Exact duplicate '(1)' copy,S1M_RC_1.2B_Raw_HTF_Context_Exporter.pine,False,
S1M_RC_1.2B_Raw_HTF_Context_Exporter.pine,file,9515,d59081cd5068930ff88346cd0d02d865463bb42ce91c9d7ff882dd79ecd4e628,second1m,REVIEW_CODE_MOVE,C:\Users\DirtySouth\TradingResearch\pine\second1m\S1M_RC_1.2B_Raw_HTF_Context_Exporter.pine,Source move may break paths/imports; review first,S1M_RC_1.2B_Raw_HTF_Context_Exporter (1).pine,False,
S1M_RC_1.2C_Current_Day_Index_Open_Context.pine,file,6194,d51f3f1b4e8e0e924eb36184c4ebaa968d2c377f7b4f7bb994e67a93aa415175,second1m,REVIEW_CODE_MOVE,C:\Users\DirtySouth\TradingResearch\pine\second1m\S1M_RC_1.2C_Current_Day_Index_Open_Context.pine,Source move may break paths/imports; review first,,False,
score_a53_v2_prospective_events_v1.py,file,6313,5095fa85786e63f5a3f7409eb098e4372a339bdbf6fd95b48ec801d23156d01f,second1m,REVIEW_CODE_MOVE,C:\Users\DirtySouth\TradingResearch\scripts\second1m\score_a53_v2_prospective_events_v1.py,Source move may break paths/imports; review first,,False,
score_altc2_prospective_events_v1.py,file,13521,1d199d07d41c27a0b89189caf68af696bba16696921be5e3c55e03fb98c80279,second1m,REVIEW_CODE_MOVE,C:\Users\DirtySouth\TradingResearch\scripts\second1m\score_altc2_prospective_events_v1.py,Source move may break paths/imports; review first,,False,
Screenshot 2026-09-05 131332.png,file,41311,6ebb0e0b2abf834b7c545a20417cfc999a3da8114c00e93df4c76b2928281411,other,REVIEW,,Unclassified root file,,False,
Set1_CVS_Test,file,2466626,ef7c6e41e120cd63eac0ebeb70566109b02bf5aeacbc48c78a24e980ae3a5990,orb,REVIEW,,Unclassified root file,,False,
Set2_CVS_Test,file,2319433,f1d38cf755543b954434ba87ab1dcc8808e759558c61d491ac798079412270b8,orb,REVIEW,,Unclassified root file,,False,
Set4_5MinLookback,file,2829901,d7d16026fc6daa07a54c9cb9a34ea7ca9fb8815175e916fc37dae358e06c3db0,orb,REVIEW,,Unclassified root file,,False,
Set4_CVS_Test,file,2257583,080b774202353c63cd094c491ac1a3044cf618b741e6653b719b8914893b8712,orb,REVIEW,,Unclassified root file,,False,
sql,dir,0,,core,KEEP_ROOT,,Core directory,,False,
strategies,dir,0,,core,KEEP_ROOT,,Core directory,,False,
summarize_9j_discovery_evidence.py,file,4961,a9359ea3f16b6f74731adc8dac7bdc95326ba56728daad49a00250f8ccc4bc11,other,REVIEW_CODE_MOVE,C:\Users\DirtySouth\TradingResearch\scripts\other\summarize_9j_discovery_evidence.py,Source move may break paths/imports; review first,,False,
summarize_9j_validation_robustness.py,file,7986,66cce632296b3776e06499680bf527893a15f89e7cd04d31999387a5d6aa42db,other,REVIEW_CODE_MOVE,C:\Users\DirtySouth\TradingResearch\scripts\other\summarize_9j_validation_robustness.py,Source move may break paths/imports; review first,,False,
temp.ping,file,0,e3b0c44298fc1c149afbf4c8996fb92427ae41e4649b934ca495991b7852b855,other,DELETE_SAFE,,Known zero-byte temporary/diagnostic file,MassiveAPI_Test,False,
Test.py,file,3409,403fedb2be17ad418660b59998c860d070b794843f37db13492c821dcb789861,other,REVIEW_CODE_MOVE,C:\Users\DirtySouth\TradingResearch\scripts\other\Test.py,Source move may break paths/imports; review first,,False,
tests,dir,0,,core,KEEP_ROOT,,Core directory,,False,
tr_platform,dir,0,,core,KEEP_ROOT,,Core directory,,False,
trace_a51_a39_original_research_code_v1.py,file,1324,f5e7d87f37dac589f0d52dfcd8a9a9db0aab04927f73e8db221eaa5f5df09fde,second1m,REVIEW_CODE_MOVE,C:\Users\DirtySouth\TradingResearch\scripts\second1m\trace_a51_a39_original_research_code_v1.py,Source move may break paths/imports; review first,,False,
trace_a51_a39_screen_bucket_scope_v1.py,file,1632,134536c4ceb29a81f261f42f2ad59c794aa9d8aa3ac502efc7c73558b3ad5201,second1m,REVIEW_CODE_MOVE,C:\Users\DirtySouth\TradingResearch\scripts\second1m\trace_a51_a39_screen_bucket_scope_v1.py,Source move may break paths/imports; review first,,False,
trace_a51_a39_upstream_bucket_creation_v1.py,file,1197,34f56e52152016ad66ce7b9ebcbb1e94e74f25dbb889f5fd9740c3d5119055c4,second1m,REVIEW_CODE_MOVE,C:\Users\DirtySouth\TradingResearch\scripts\second1m\trace_a51_a39_upstream_bucket_creation_v1.py,Source move may break paths/imports; review first,,False,
trace_a51_a39_upstream_bucket_creation_v2.py,file,2152,ae7258394068b2855a6ac4270eb68b15da14a7fe74517215c0157f97faa85e1b,second1m,REVIEW_CODE_MOVE,C:\Users\DirtySouth\TradingResearch\scripts\second1m\trace_a51_a39_upstream_bucket_creation_v2.py,Source move may break paths/imports; review first,,False,
update_altc2_prospective_v1.py,file,11168,0cfab990bd63c6306d9a9acb17e122de1daee083d102093862be8ddf980768d2,second1m,REVIEW_CODE_MOVE,C:\Users\DirtySouth\TradingResearch\scripts\second1m\update_altc2_prospective_v1.py,Source move may break paths/imports; review first,,False,
update_altc2_prospective_v1_v2.py,file,1190,b8dc140ae73b8769a9e7983294a587b664506b43788b71aa1eb240cfd573ed20,second1m,REVIEW_CODE_MOVE,C:\Users\DirtySouth\TradingResearch\scripts\second1m\update_altc2_prospective_v1_v2.py,Source move may break paths/imports; review first,,False,
v4_parity_engine_v1.py,file,8680,c1710736da927d1d3b6e19ce36cf1a04098d9eac23213af5a958808e9e602d00,other,REVIEW_CODE_MOVE,C:\Users\DirtySouth\TradingResearch\scripts\other\v4_parity_engine_v1.py,Source move may break paths/imports; review first,,False,
v4_parity_engine_v2.py,file,25244,cab75475f0bf4f4a9d8cf86561d9959957d660aeae7926769e26c53599be4b22,other,REVIEW_CODE_MOVE,C:\Users\DirtySouth\TradingResearch\scripts\other\v4_parity_engine_v2.py,Source move may break paths/imports; review first,,False,
v4_parity_validation_inspection.txt,file,63138,01c38a18cf4bfd22d9c2a93914870685a8e07fd0747a9da383741cb317c67a32,other,REVIEW,,Unclassified root file,,False,
validate_second1m_ae4_v1.py,file,14948,1f8e51318d38cd8ebb451331070aa323346c4b375c792df34540f03c45afe4c6,second1m,REVIEW_CODE_MOVE,C:\Users\DirtySouth\TradingResearch\scripts\second1m\validate_second1m_ae4_v1.py,Source move may break paths/imports; review first,,False,
validate_second1m_alt_aapl_overlap.py,file,9757,3299b154d9ecc1e67adc2e01d994439ac2f9f96974ce7b334481ccb5026a48ff,second1m,REVIEW_CODE_MOVE,C:\Users\DirtySouth\TradingResearch\scripts\second1m\validate_second1m_alt_aapl_overlap.py,Source move may break paths/imports; review first,,False,
validate_second1m_alt_entry_cache.py,file,6918,5294e5aca0b6a52f50ad16f6830440455ca52f11e0d94eac9a50bc9c583975fe,second1m,REVIEW_CODE_MOVE,C:\Users\DirtySouth\TradingResearch\scripts\second1m\validate_second1m_alt_entry_cache.py,Source move may break paths/imports; review first,,False,
vwap_event_path_v2.py,file,11452,c8e45976ffe921e2e3395c4abcb90815c6872cc8bbdb8442e4ed8cf56a0cb8e5,other,REVIEW_CODE_MOVE,C:\Users\DirtySouth\TradingResearch\scripts\other\vwap_event_path_v2.py,Source move may break paths/imports; review first,,False,
