research_period,cross_state,total_n,binary_n,favorable_n,adverse_n,both_n,unresolved_n,favorable_first_pct,c3_confirmed_n,c3_confirmation_pct,avg_mfe_pct,avg_mae_pct,median_mfe_pct,median_mae_pct,symbol_n,trade_date_n,direction,feature
DISCOVERY,ADVERSE_CROSS,23,23,9,14,0,0,39.130434782608695,8,34.78260869565217,1.2100495573261747,0.990474846805099,0.8687485325193814,0.7839428000302853,22,21,ALL,price_ema9_cross_state
DISCOVERY,FAVORABLE_CROSS,464,455,219,236,1,8,48.13186813186813,204,43.96551724137931,1.1530468141852084,1.2147266502552063,0.851614474560479,0.9473608608109985,109,152,ALL,price_ema9_cross_state
DISCOVERY,FAVORABLE_HOLD,3458,3381,1745,1636,12,65,51.611949127477075,1613,46.64545980335454,1.3297157664710668,1.258598984384743,0.9456973655220544,0.8933309740565903,112,161,ALL,price_ema9_cross_state
DISCOVERY,OPPOSING_HOLD,324,315,160,155,1,8,50.79365079365079,159,49.074074074074076,1.1208471800423723,1.121813613324019,0.7909166644125846,0.77062493556877,104,144,ALL,price_ema9_cross_state
DISCOVERY,UNKNOWN,3,3,1,2,0,0,33.333333333333336,1,33.333333333333336,0.6074371785290202,0.991190570916714,0.19153875349755461,0.6981896498459819,3,1,ALL,price_ema9_cross_state
VALIDATION,ADVERSE_CROSS,19,19,8,11,0,0,42.10526315789474,10,52.63157894736842,1.1927901010909372,1.8385286278088546,1.052690520185898,0.8794819754518185,18,18,ALL,price_ema9_cross_state
VALIDATION,FAVORABLE_CROSS,457,439,220,219,13,5,50.11389521640091,225,49.23413566739606,1.545585351618489,1.5564854856768304,1.1553784860557792,1.1301396281724936,110,152,ALL,price_ema9_cross_state
VALIDATION,FAVORABLE_HOLD,3412,3339,1655,1684,52,21,49.56573824498353,1599,46.86400937866354,1.728425629155321,1.556031172058814,1.2057629660762774,1.1146937854133614,112,161,ALL,price_ema9_cross_state
VALIDATION,OPPOSING_HOLD,297,291,131,160,4,2,45.017182130584196,142,47.81144781144781,1.2378521470865773,1.4782525664541275,0.8904483980745075,1.1703561116458212,98,130,ALL,price_ema9_cross_state
DISCOVERY,ADVERSE_CROSS,13,13,5,8,0,0,38.46153846153846,4,30.76923076923077,1.1649227875331065,1.0508122085411236,0.5937849458978409,0.7839428000302853,13,13,BEAR,price_ema9_cross_state
DISCOVERY,FAVORABLE_CROSS,228,224,109,115,1,3,48.660714285714285,100,43.85964912280702,1.1816373143499757,1.2871178151858427,0.8634355278813892,1.0230141452631702,92,117,BEAR,price_ema9_cross_state
DISCOVERY,FAVORABLE_HOLD,1762,1720,855,865,10,32,49.7093023255814,804,45.62996594778661,1.340051577470893,1.281460910983267,0.9591409417525756,0.9292548137608158,112,161,BEAR,price_ema9_cross_state
DISCOVERY,OPPOSING_HOLD,168,165,84,81,0,3,50.90909090909091,83,49.404761904761905,1.1397686455795164,1.1270954563445388,0.779459024263816,0.7847122048667916,86,108,BEAR,price_ema9_cross_state
DISCOVERY,UNKNOWN,1,1,0,1,0,0,0.0,0,0.0,0.026146244661799847,2.0508041646274813,0.026146244661799847,2.0508041646274813,1,1,BEAR,price_ema9_cross_state
DISCOVERY,ADVERSE_CROSS,10,10,4,6,0,0,40.0,4,40.0,1.268714358057163,0.9120362765482672,0.8769073004157666,0.9250901214767122,10,10,BULL,price_ema9_cross_state
DISCOVERY,FAVORABLE_CROSS,236,231,110,121,0,5,47.61904761904762,104,44.067796610169495,1.1254254835175521,1.1447894231188287,0.8237207250612981,0.7731951101582888,98,118,BULL,price_ema9_cross_state
DISCOVERY,FAVORABLE_HOLD,1696,1661,890,771,2,33,53.58217940999398,809,47.700471698113205,1.3189777364111064,1.2348473837558518,0.9343688733503167,0.8618597294712894,112,161,BULL,price_ema9_cross_state
DISCOVERY,OPPOSING_HOLD,156,150,76,74,1,5,50.666666666666664,76,48.717948717948715,1.1004702171562175,1.1161254746865361,0.8390504513162356,0.7602153213462235,79,94,BULL,price_ema9_cross_state
DISCOVERY,UNKNOWN,2,2,1,1,0,0,50.0,1,50.0,0.8980826454626304,0.46138377406133035,0.8980826454626304,0.46138377406133035,2,1,BULL,price_ema9_cross_state
VALIDATION,ADVERSE_CROSS,13,13,7,6,0,0,53.84615384615385,9,69.23076923076923,1.2673034983549742,2.1363035016812515,1.052690520185898,0.9330440173589557,13,12,BEAR,price_ema9_cross_state
VALIDATION,FAVORABLE_CROSS,246,239,118,121,3,4,49.37238493723849,123,50.0,1.483311812860869,1.4328955189362897,1.1934080994107044,0.9995818679299227,99,122,BEAR,price_ema9_cross_state
VALIDATION,FAVORABLE_HOLD,1631,1599,813,786,20,12,50.84427767354597,770,47.21030042918455,1.7011359090424776,1.559680635648669,1.1922334506642411,1.1215519854501503,112,160,BEAR,price_ema9_cross_state
VALIDATION,OPPOSING_HOLD,142,139,61,78,3,0,43.884892086330936,71,50.0,1.1761057608159808,1.5275345442342732,0.8692547092615615,1.1411518506788647,79,93,BEAR,price_ema9_cross_state
VALIDATION,ADVERSE_CROSS,6,6,1,5,0,0,16.666666666666668,1,16.666666666666668,1.0313444070188578,1.193349734418662,0.8708838366415403,0.8017634575437305,6,6,BULL,price_ema9_cross_state
VALIDATION,FAVORABLE_CROSS,211,200,102,98,10,1,51.0,102,48.34123222748815,1.6181886242932495,1.700576157800873,1.093086402562142,1.2844036697247758,94,117,BULL,price_ema9_cross_state
VALIDATION,FAVORABLE_HOLD,1781,1740,842,898,32,9,48.39080459770115,829,46.54688377316115,1.7534169449913948,1.5526890748577737,1.2203922574851098,1.1035122982829073,112,161,BULL,price_ema9_cross_state
VALIDATION,OPPOSING_HOLD,155,152,70,82,1,2,46.05263157894737,71,45.806451612903224,1.2944198041860908,1.4331039158426393,0.91968117719192,1.1765694596184482,83,93,BULL,price_ema9_cross_state
DISCOVERY,ADVERSE_CROSS,18,18,10,8,0,0,55.55555555555556,6,33.333333333333336,0.8992134852527164,0.9590396763869578,0.8448087591041402,0.6890528458695266,15,17,ALL,price_ema20_cross_state
DISCOVERY,FAVORABLE_CROSS,457,449,228,221,1,7,50.779510022271715,204,44.63894967177243,1.2127195022787824,1.141487840043986,0.8864426419466982,0.8305358154945954,108,148,ALL,price_ema20_cross_state
DISCOVERY,FAVORABLE_HOLD,3357,3284,1689,1595,12,61,51.43118148599269,1563,46.559428060768546,1.3272919795275033,1.2656643868289341,0.9422151940436231,0.9002485501242864,112,161,ALL,price_ema20_cross_state
DISCOVERY,OPPOSING_HOLD,435,421,205,216,1,13,48.69358669833729,211,48.50574712643678,1.140759098950875,1.180238452188,0.7864355491234482,0.8280912590367256,109,152,ALL,price_ema20_cross_state
DISCOVERY,UNKNOWN,5,5,2,3,0,0,40.0,1,20.0,0.7261482666584944,0.7857654531054129,0.3646241190289764,0.6876468285043075,5,1,ALL,price_ema20_cross_state
VALIDATION,ADVERSE_CROSS,16,16,8,8,0,0,50.0,10,62.5,1.5614684538243897,1.6718916380345212,0.8607835991426567,1.0958344556697068,16,15,ALL,price_ema20_cross_state
VALIDATION,FAVORABLE_CROSS,487,467,235,232,17,3,50.32119914346895,238,48.87063655030801,1.6354036440675876,1.582147955756057,1.1859121811583055,1.170505421004378,110,149,ALL,price_ema20_cross_state
VALIDATION,FAVORABLE_HOLD,3289,3221,1601,1620,46,22,49.705060540204904,1543,46.91395560960778,1.7239470154681649,1.5495006814993104,1.2049731161645074,1.113818996179677,112,161,ALL,price_ema20_cross_state
VALIDATION,OPPOSING_HOLD,393,384,170,214,6,3,44.270833333333336,185,47.07379134860051,1.2787253134253092,1.5290107380947728,0.9239815203695878,1.151461470327721,109,138,ALL,price_ema20_cross_state
DISCOVERY,ADVERSE_CROSS,12,12,5,7,0,0,41.666666666666664,2,16.666666666666668,0.8458983025213272,1.2086741269758803,0.5411845831711618,0.9022118298923758,10,12,BEAR,price_ema20_cross_state
DISCOVERY,FAVORABLE_CROSS,231,226,115,111,1,4,50.88495575221239,108,46.753246753246756,1.2324271310729678,1.162511314036134,0.917228551499653,0.8895038545166943,92,115,BEAR,price_ema20_cross_state
DISCOVERY,FAVORABLE_HOLD,1703,1663,822,841,10,30,49.42874323511726,769,45.155607751027595,1.3341925260469194,1.2968324559453595,0.9533678756476701,0.9471432936144105,112,161,BEAR,price_ema20_cross_state
DISCOVERY,OPPOSING_HOLD,224,220,111,109,0,4,50.45454545454545,112,50.0,1.2047918436863958,1.170410982242398,0.7909166644125846,0.8276709336546113,99,121,BEAR,price_ema20_cross_state
DISCOVERY,UNKNOWN,2,2,0,2,0,0,0.0,0,0.0,0.1953851818453881,1.3692254965658943,0.1953851818453881,1.3692254965658943,2,1,BEAR,price_ema20_cross_state
DISCOVERY,ADVERSE_CROSS,6,6,5,1,0,0,83.33333333333333,4,66.66666666666667,1.0058438507154948,0.45977077520911297,1.0121305811081915,0.27279146572280294,6,6,BULL,price_ema20_cross_state
DISCOVERY,FAVORABLE_CROSS,226,223,113,110,0,3,50.672645739910315,96,42.47787610619469,1.192575863998,1.1199992449458167,0.8651785032623227,0.7375229318116092,94,111,BULL,price_ema20_cross_state
DISCOVERY,FAVORABLE_HOLD,1654,1621,867,754,2,31,53.48550277606416,794,48.00483675937122,1.320187003274441,1.2335729589539215,0.9352429343717876,0.8589257640876022,112,161,BULL,price_ema20_cross_state
DISCOVERY,OPPOSING_HOLD,211,201,94,107,1,9,46.766169154228855,99,46.91943127962085,1.0727812088051087,1.1906714060639,0.7508088338725527,0.8328803392568388,89,112,BULL,price_ema20_cross_state
DISCOVERY,UNKNOWN,3,3,2,1,0,0,66.66666666666667,1,33.333333333333336,1.0799903232005652,0.3967920907984251,1.4438056786764348,0.2676087242726147,3,1,BULL,price_ema20_cross_state
VALIDATION,ADVERSE_CROSS,11,11,6,5,0,0,54.54545454545455,7,63.63636363636363,1.740278814845018,1.799604225419491,0.9457112654787057,1.3225100328347343,11,11,BEAR,price_ema20_cross_state
VALIDATION,FAVORABLE_CROSS,257,251,128,123,3,3,50.99601593625498,133,51.750972762645915,1.5435119981859444,1.447715021027548,1.207674943566584,1.0778947730487634,103,118,BEAR,price_ema20_cross_state
VALIDATION,FAVORABLE_HOLD,1577,1545,786,759,20,12,50.87378640776699,742,47.05136334812936,1.6949795860835424,1.566042457261139,1.1830565403993272,1.1215519854501503,112,160,BEAR,price_ema20_cross_state
VALIDATION,OPPOSING_HOLD,187,183,79,104,3,1,43.169398907103826,91,48.663101604278076,1.2519833121695703,1.4946839744380682,1.0021551724137803,1.0066793893129837,89,104,BEAR,price_ema20_cross_state
VALIDATION,ADVERSE_CROSS,5,5,2,3,0,0,40.0,3,60.0,1.168085659579007,1.3909239457875877,0.7200435401153558,0.8691588785046793,5,4,BULL,price_ema20_cross_state
VALIDATION,FAVORABLE_CROSS,230,216,107,109,14,0,49.53703703703704,105,45.65217391304348,1.7380825701179456,1.7323621480396518,1.1602338722782015,1.249110780676129,97,116,BULL,price_ema20_cross_state
VALIDATION,FAVORABLE_HOLD,1712,1676,815,861,26,10,48.627684964200476,801,46.78738317757009,1.7506302141478083,1.5342633097841212,1.2235761594565098,1.0977611128953724,112,161,BULL,price_ema20_cross_state
VALIDATION,OPPOSING_HOLD,206,201,91,110,3,2,45.27363184079602,94,45.63106796116505,1.3030008194195966,1.560171441025859,0.8987726541975756,1.2402715888627756,94,104,BULL,price_ema20_cross_state
DISCOVERY,ADVERSE_CROSS,15,15,8,7,0,0,53.333333333333336,5,33.333333333333336,1.182500453566434,1.2874166252078296,0.9362064296491222,0.6306997357879441,13,15,ALL,price_sma50_cross_state
DISCOVERY,FAVORABLE_CROSS,466,458,234,224,1,7,51.09170305676856,220,47.21030042918455,1.2492707501485443,1.2708198938054764,0.9203422930045901,0.9695577312511626,109,150,ALL,price_sma50_cross_state
DISCOVERY,FAVORABLE_HOLD,3184,3117,1607,1510,12,55,51.55598331729227,1473,46.26256281407035,1.336124323402542,1.254320343029311,0.9541375187256911,0.8857268657704382,112,161,ALL,price_sma50_cross_state
DISCOVERY,OPPOSING_HOLD,596,576,281,295,1,19,48.78472222222222,283,47.48322147651007,1.1155617088358836,1.1575110348207749,0.7772911648928706,0.8340269948454841,111,159,ALL,price_sma50_cross_state
DISCOVERY,UNKNOWN,11,11,4,7,0,0,36.36363636363637,4,36.36363636363637,0.6351344885550589,0.9040626161026197,0.21525946997328796,0.6981896498459819,11,1,ALL,price_sma50_cross_state
VALIDATION,ADVERSE_CROSS,5,5,3,2,0,0,60.0,3,60.0,1.4810194364812963,0.8508387785867487,1.2284716367577937,0.6112248584848767,5,5,ALL,price_sma50_cross_state
VALIDATION,FAVORABLE_CROSS,474,459,235,224,14,1,51.19825708061002,233,49.15611814345991,1.7475965848998436,1.6197977749576522,1.2185611216794356,1.1702447906615983,108,150,ALL,price_sma50_cross_state
VALIDATION,FAVORABLE_HOLD,3105,3040,1504,1536,41,24,49.473684210526315,1453,46.79549114331723,1.7098815906821039,1.5474231213071843,1.1903637222484564,1.1225567881669358,112,161,ALL,price_sma50_cross_state
VALIDATION,OPPOSING_HOLD,601,584,272,312,14,3,46.57534246575342,287,47.75374376039933,1.4127747661899845,1.5269187209693214,1.0117833201482314,1.070882202957683,112,152,ALL,price_sma50_cross_state
DISCOVERY,ADVERSE_CROSS,3,3,0,3,0,0,0.0,0,0.0,0.2561109740506678,2.1207283802897647,0.09769216623758017,2.524457897573544,3,3,BEAR,price_sma50_cross_state
DISCOVERY,FAVORABLE_CROSS,241,236,117,119,1,4,49.57627118644068,115,47.71784232365145,1.2382666266473663,1.3637174010471291,0.8809717525615894,1.0427681162680902,95,122,BEAR,price_sma50_cross_state
DISCOVERY,FAVORABLE_HOLD,1604,1567,783,784,10,27,49.968091895341416,718,44.763092269326684,1.3544089228286817,1.2786163240679616,0.9628748181981157,0.9137987680108368,112,161,BEAR,price_sma50_cross_state
DISCOVERY,OPPOSING_HOLD,319,312,153,159,0,7,49.03846153846154,157,49.21630094043887,1.1432826415743838,1.1376391967575998,0.7942916158107041,0.8449648920425614,104,139,BEAR,price_sma50_cross_state
DISCOVERY,UNKNOWN,5,5,0,5,0,0,0.0,1,20.0,0.17315945837152807,1.5269640385043035,0.13144717075612142,1.636083664827398,5,1,BEAR,price_sma50_cross_state
DISCOVERY,ADVERSE_CROSS,12,12,8,4,0,0,66.66666666666667,5,41.666666666666664,1.4140978234453756,1.079088686437346,1.1773481532824317,0.4549569614145934,10,12,BULL,price_sma50_cross_state
DISCOVERY,FAVORABLE_CROSS,225,222,117,105,0,3,52.7027027027027,105,46.666666666666664,1.261057389098695,1.1713163416044174,0.940484937545916,0.8133971291865975,94,117,BULL,price_sma50_cross_state
DISCOVERY,FAVORABLE_HOLD,1580,1550,824,726,2,28,53.16129032258065,755,47.78481012658228,1.3175619832256258,1.2296553091141245,0.9380809895837661,0.8618597294712894,112,161,BULL,price_sma50_cross_state
DISCOVERY,OPPOSING_HOLD,277,264,128,136,1,12,48.484848484848484,126,45.48736462093863,1.0836376021803547,1.180395931362843,0.7461153542270259,0.8022199798183527,100,119,BULL,price_sma50_cross_state
DISCOVERY,UNKNOWN,6,6,4,2,0,0,66.66666666666667,3,50.0,1.0201136803746682,0.38497809743454986,1.0835396173031384,0.24609331127464673,6,1,BULL,price_sma50_cross_state
VALIDATION,ADVERSE_CROSS,2,2,1,1,0,0,50.0,1,50.0,1.3593713486904495,1.46127545927281,1.3593713486904495,1.46127545927281,2,2,BEAR,price_sma50_cross_state
VALIDATION,FAVORABLE_CROSS,232,229,117,112,2,1,51.09170305676856,118,50.86206896551724,1.6062233132653012,1.461512319168637,1.230936769605726,1.0776706528886066,95,104,BEAR,price_sma50_cross_state
VALIDATION,FAVORABLE_HOLD,1514,1480,748,732,20,14,50.54054054054054,713,47.093791281373846,1.6928111974934188,1.5704461995255539,1.1760682500912512,1.1329609740966835,112,160,BEAR,price_sma50_cross_state
VALIDATION,OPPOSING_HOLD,284,279,133,146,4,1,47.67025089605735,141,49.647887323943664,1.35440363643159,1.4836771484403926,1.0261764263941822,0.9992955551791819,101,128,BEAR,price_sma50_cross_state
VALIDATION,ADVERSE_CROSS,3,3,2,1,0,0,66.66666666666667,2,66.66666666666667,1.562118161675194,0.443880991462708,1.1682242990654206,0.4135534347078941,3,3,BULL,price_sma50_cross_state
VALIDATION,FAVORABLE_CROSS,242,230,118,112,12,0,51.30434782608695,115,47.52066115702479,1.883127985805686,1.7715425094330712,1.2026711091136701,1.261366884231693,94,126,BULL,price_sma50_cross_state
VALIDATION,FAVORABLE_HOLD,1591,1560,756,804,21,10,48.46153846153846,740,46.51162790697674,1.7261258240495894,1.5255142964029655,1.205913934087723,1.1097020933977408,112,161,BULL,price_sma50_cross_state
VALIDATION,OPPOSING_HOLD,317,305,139,166,10,2,45.57377049180328,146,46.056782334384856,1.465069406099713,1.5656588048753648,1.0011507479861963,1.1480214948705396,105,126,BULL,price_sma50_cross_state
DISCOVERY,ADVERSE_CROSS,11,10,4,6,0,1,40.0,5,45.45454545454545,0.9999693502619796,0.8527189718869326,0.5409324645341085,0.6571087216248507,9,11,ALL,ema9_ema20_cross_state
DISCOVERY,FAVORABLE_CROSS,541,529,263,266,2,10,49.716446124763706,242,44.73197781885398,1.2884911331233602,1.1684164588040633,0.9590699927343134,0.864680636202982,110,154,ALL,ema9_ema20_cross_state
DISCOVERY,FAVORABLE_HOLD,2724,2665,1386,1279,10,49,52.00750469043152,1276,46.84287812041116,1.3372670597493064,1.2686531142282278,0.9592540267930938,0.8988900216667768,112,161,ALL,ema9_ema20_cross_state
DISCOVERY,OPPOSING_HOLD,991,968,479,489,2,21,49.48347107438016,461,46.51866801210898,1.18219899289978,1.2147905492433226,0.8131130614352179,0.8473917437611781,112,160,ALL,ema9_ema20_cross_state
DISCOVERY,UNKNOWN,5,5,2,3,0,0,40.0,1,20.0,0.7261482666584944,0.7857654531054129,0.3646241190289764,0.6876468285043075,5,1,ALL,ema9_ema20_cross_state
VALIDATION,ADVERSE_CROSS,9,9,5,4,0,0,55.55555555555556,7,77.77777777777777,1.2339955192877858,1.3753268031418608,0.9573396036278138,1.3523883412974114,9,9,ALL,ema9_ema20_cross_state
VALIDATION,FAVORABLE_CROSS,535,522,262,260,10,3,50.191570881226056,259,48.41121495327103,1.7817077144190197,1.682344732833219,1.2633884452042037,1.2533819225884721,107,152,ALL,ema9_ema20_cross_state
VALIDATION,FAVORABLE_HOLD,2638,2581,1281,1300,36,21,49.63192561022859,1241,47.043214556482184,1.7127309928124967,1.5253159540139731,1.202600584374311,1.1027864600421171,112,161,ALL,ema9_ema20_cross_state
VALIDATION,OPPOSING_HOLD,1003,976,466,510,23,4,47.74590163934426,469,46.759720837487535,1.5070009033359058,1.5535886562326218,1.0835150918173446,1.073695261424913,112,161,ALL,ema9_ema20_cross_state
DISCOVERY,ADVERSE_CROSS,4,4,2,2,0,0,50.0,1,25.0,0.6439825399417312,0.7441779105094343,0.6171534433610426,0.48556549600051846,3,4,BEAR,ema9_ema20_cross_state
DISCOVERY,FAVORABLE_CROSS,266,257,119,138,2,7,46.30350194552529,120,45.11278195488722,1.3121778659697663,1.2170894483780896,0.9263705918970009,0.9158390270393661,97,124,BEAR,ema9_ema20_cross_state
DISCOVERY,FAVORABLE_HOLD,1403,1373,693,680,8,22,50.47341587764021,628,44.76122594440485,1.3312509736404168,1.2979859033236154,0.959595959595966,0.9286670181272525,112,161,BEAR,ema9_ema20_cross_state
DISCOVERY,OPPOSING_HOLD,497,487,239,248,1,9,49.07597535934291,242,48.69215291750503,1.2424232056872004,1.2191654090335204,0.8308697681655564,0.9161250872145347,110,152,BEAR,ema9_ema20_cross_state
DISCOVERY,UNKNOWN,2,2,0,2,0,0,0.0,0,0.0,0.1953851818453881,1.3692254965658943,0.1953851818453881,1.3692254965658943,2,1,BEAR,ema9_ema20_cross_state
DISCOVERY,ADVERSE_CROSS,7,6,2,4,0,1,33.333333333333336,4,57.142857142857146,1.2033903847306928,0.9147424355312174,0.4970131421744287,0.6571087216248507,6,7,BULL,ema9_ema20_cross_state
DISCOVERY,FAVORABLE_CROSS,275,272,144,128,0,3,52.94117647058823,122,44.36363636363637,1.2655796024428367,1.1213364034342779,0.9707766212970365,0.8288253477589022,93,127,BULL,ema9_ema20_cross_state
DISCOVERY,FAVORABLE_HOLD,1321,1292,693,599,2,27,53.637770897832816,648,49.05374716124148,1.34365658950765,1.2374995161201061,0.9549312853678329,0.8686210640607978,112,159,BULL,ema9_ema20_cross_state
DISCOVERY,OPPOSING_HOLD,494,481,240,241,1,12,49.896049896049895,219,44.33198380566802,1.121609046026606,1.2103891214786906,0.8071718216005785,0.7695753755628879,111,148,BULL,ema9_ema20_cross_state
DISCOVERY,UNKNOWN,3,3,2,1,0,0,66.66666666666667,1,33.333333333333336,1.0799903232005652,0.3967920907984251,1.4438056786764348,0.2676087242726147,3,1,BULL,ema9_ema20_cross_state
VALIDATION,ADVERSE_CROSS,4,4,1,3,0,0,25.0,2,50.0,1.0283544500255513,1.2269107646394406,0.9633223412248442,1.1795338653051974,4,4,BEAR,ema9_ema20_cross_state
VALIDATION,FAVORABLE_CROSS,270,266,130,136,2,2,48.87218045112782,131,48.51851851851852,1.674637542747369,1.606780645973463,1.1672406607788524,1.154112575502253,98,120,BEAR,ema9_ema20_cross_state
VALIDATION,FAVORABLE_HOLD,1296,1265,636,629,19,12,50.276679841897234,610,47.0679012345679,1.6874207405646904,1.572294479918924,1.1788868428715553,1.137160013975735,112,161,BEAR,ema9_ema20_cross_state
VALIDATION,OPPOSING_HOLD,462,455,232,223,5,2,50.989010989010985,230,49.78354978354978,1.4713560671272905,1.4384874496928814,1.1553936615144378,0.9943217921932848,107,145,BEAR,ema9_ema20_cross_state
VALIDATION,ADVERSE_CROSS,5,5,4,1,0,0,80.0,5,100.0,1.3985083746975737,1.4940596339437973,0.9573396036278138,1.5451797111185785,5,5,BULL,ema9_ema20_cross_state
VALIDATION,FAVORABLE_CROSS,265,256,132,124,8,1,51.5625,128,48.301886792452834,1.8907980780090037,1.7593345571808954,1.2980286796361606,1.3798037612428542,96,124,BULL,ema9_ema20_cross_state
VALIDATION,FAVORABLE_HOLD,1342,1316,645,671,17,9,49.01215805471124,631,47.0193740685544,1.7371736805272189,1.4799477203531564,1.2235761594565098,1.0657249953134587,112,161,BULL,ema9_ema20_cross_state
VALIDATION,OPPOSING_HOLD,541,521,234,287,18,2,44.91362763915547,239,44.177449168207026,1.5374406710408604,1.6518821080281116,0.9778755653343135,1.1610015386767358,110,147,BULL,ema9_ema20_cross_state
