model_id,symbol,total_n,binary_n,favorable_n,adverse_n,both_n,unresolved_n,favorable_first_pct,avg_mfe_pct,avg_mae_pct,median_mfe_pct,median_mae_pct,symbol_n,trade_date_n
M0_BASELINE,AAPL,40,39,20,19,0,1,51.282051282051285,1.0025785312509654,0.937065102609995,0.7757651168006631,0.8922673428734906,1,40
M0_BASELINE,ABBV,30,29,13,16,1,0,44.827586206896555,1.0800557683755796,1.1982458815324215,0.9770268955672431,1.0129729159903946,1,30
M0_BASELINE,ABNB,30,30,14,16,0,0,46.666666666666664,1.302200518076784,1.5144682941730163,1.1351321363709932,1.1757194622617684,1,30
M0_BASELINE,ADBE,40,40,18,22,0,0,45.0,2.0316232474357063,1.4628385253912426,2.149458433880024,1.570145143377644,1,40
M0_BASELINE,AMAT,43,41,23,18,2,0,56.09756097560975,2.6716259454383473,1.944909085406245,1.8500441593455073,1.7280466453020802,1,43
M0_BASELINE,AMD,48,48,23,25,0,0,47.916666666666664,2.5894722292719106,2.1507374088724998,1.9843243615325683,1.6344889424421853,1,48
M0_BASELINE,AMGN,32,32,17,15,0,0,53.125,1.242039544251328,1.101296060993253,0.9789497668341571,0.8397169472122672,1,32
M0_BASELINE,AMZN,44,44,18,26,0,0,40.90909090909091,1.0028027683210665,1.4041156911499224,0.9186975727111352,0.8929701679946773,1,44
M0_BASELINE,ANET,37,36,25,11,1,0,69.44444444444444,2.4664481285281328,1.833144678012929,1.9999999999999942,1.666345169379612,1,37
M0_BASELINE,APP,54,50,25,25,4,0,50.0,3.158198027933082,2.1309995429982775,2.8626218387138533,1.7903077643204037,1,54
M0_BASELINE,ARM,45,40,22,18,5,0,55.0,3.5385750736393717,2.5496954942779504,2.429436147114939,1.7910572678007244,1,45
M0_BASELINE,ASML,42,42,23,19,0,0,54.76190476190476,1.931127152093548,1.220166561446987,1.7465785917570849,0.9807438905327639,1,42
M0_BASELINE,AVGO,32,30,8,22,2,0,26.666666666666668,1.2332010155202489,1.9028004566655607,0.7985349440110723,1.4700232638153592,1,32
M0_BASELINE,AXON,28,27,11,16,1,0,40.74074074074074,2.4380244930803263,3.2108656001929368,2.08548910252932,2.7470491127464864,1,28
M0_BASELINE,AXP,27,27,13,14,0,0,48.148148148148145,1.1977700315865911,1.209855252982359,1.1005569261223531,0.9042487303356918,1,27
M0_BASELINE,BA,46,46,20,26,0,0,43.47826086956522,1.5174703209362193,1.1537823461038264,1.329673352673399,0.7597252636502871,1,46
M0_BASELINE,BAC,31,31,11,20,0,0,35.483870967741936,0.5991365208750684,1.3618513815789144,0.39682539682539847,1.3444876008365785,1,31
M0_BASELINE,BKNG,37,36,17,19,1,0,47.22222222222222,1.2602080991229194,1.8986635076634328,0.7435665330402209,1.8508897259384487,1,37
M0_BASELINE,BLK,18,18,10,8,0,0,55.55555555555556,1.9856302392253613,1.2463344835857773,1.5511735972148615,0.9188413168454325,1,18
M0_BASELINE,BMY,34,33,17,16,1,0,51.515151515151516,1.1429413315714683,1.339152311918957,0.8068920666795911,1.1372725009499645,1,34
M0_BASELINE,C,49,49,31,18,0,0,63.265306122448976,1.1834443678731235,1.6122674198610694,0.8237838832896224,1.214437367303615,1,49
M0_BASELINE,CAT,29,29,12,17,0,0,41.37931034482759,1.3091015175829814,1.6231945781733292,1.0264416688812097,1.2899725396403554,1,29
M0_BASELINE,CEG,29,28,13,15,1,0,46.42857142857143,1.7628967837599825,1.572426072919964,1.411887746208804,1.1386610885985096,1,29
M0_BASELINE,CMCSA,28,28,12,16,0,0,42.857142857142854,0.9634430316152428,1.5367011912559723,0.6963897153591478,1.4594501279943701,1,28
M0_BASELINE,CME,30,30,9,21,0,0,30.0,0.9596743773489327,1.5047276464477493,0.5057373818008513,1.2028208951096633,1,30
M0_BASELINE,CMG,34,33,16,17,1,0,48.484848484848484,1.8489265518580509,1.3818919258730407,1.6240207082697262,1.1688488041566163,1,34
M0_BASELINE,COIN,50,47,23,24,3,0,48.93617021276596,2.503056190563239,3.0444407988933726,1.8270461686983923,2.6116800436937817,1,50
M0_BASELINE,COP,33,33,20,13,0,0,60.60606060606061,1.4255313520165624,0.7717696518383802,1.2257651017465159,0.6130790190735685,1,33
M0_BASELINE,COST,44,44,20,24,0,0,45.45454545454545,0.7875033906975658,0.9342512713696686,0.6283772000866947,0.7746188708227608,1,44
M0_BASELINE,CRM,40,40,22,18,0,0,55.0,1.9831134507623838,1.7382686915160313,1.3971920354199363,1.1835850760379092,1,40
M0_BASELINE,CRWD,32,32,12,20,0,0,37.5,2.2751990280419503,1.9424561624931815,1.870184136439743,1.8716130049118809,1,32
M0_BASELINE,CSCO,27,27,10,17,0,0,37.03703703703704,1.1747000298683292,1.4892814458289385,0.8870424432966608,0.8713133333535948,1,27
M0_BASELINE,CVS,36,35,18,17,1,0,51.42857142857143,1.3040316511818226,1.1795259046036053,0.9576696817712265,0.8160733340324573,1,36
M0_BASELINE,CVX,38,38,16,22,0,0,42.10526315789474,0.79380311676818,1.1337190061191122,0.7272483066900295,0.9355225618946079,1,38
M0_BASELINE,DASH,32,31,14,17,1,0,45.16129032258065,2.1019753958414835,2.30259997119338,1.590209232987156,1.8055128944338297,1,32
M0_BASELINE,DDOG,45,43,26,17,2,0,60.46511627906977,2.831492150686911,2.388060937453702,2.4466689343505497,1.902807573920336,1,45
M0_BASELINE,DE,22,22,7,15,0,0,31.818181818181817,1.766554200228842,1.0412574299409094,1.440676661750423,0.8671775020692065,1,22
M0_BASELINE,DELL,47,43,21,22,4,0,48.83720930232558,3.508484822435863,2.2015227566349447,2.805996375816821,1.7732415783911943,1,47
M0_BASELINE,DIS,42,42,23,19,0,0,54.76190476190476,0.9744061146193307,0.9237274646494855,0.7710593753588211,0.6474125247873094,1,42
M0_BASELINE,EOG,21,21,11,10,0,0,52.38095238095238,1.020486820698018,1.4716923171070604,0.915626843818972,1.132854261539285,1,21
M0_BASELINE,ETN,26,26,13,13,0,0,50.0,1.6212765000387939,1.3131906616978837,1.5130687732465078,0.9753140748135831,1,26
M0_BASELINE,FDX,25,25,17,8,0,0,68.0,1.5467081051953542,0.8330402482013983,1.387109353239379,0.5544603252833944,1,25
M0_BASELINE,GE,35,35,15,20,0,0,42.857142857142854,1.3289431656196482,1.4706664671147807,0.8395677472984132,1.3102995967235516,1,35
M0_BASELINE,GILD,29,29,15,14,0,0,51.724137931034484,1.2287910724549647,1.1831343390943236,1.0869565217391304,0.9522381345129952,1,29
M0_BASELINE,GOOG,34,34,18,16,0,0,52.94117647058823,1.4632541258724094,1.200957488565849,0.8954363544306652,0.8723610333422346,1,34
M0_BASELINE,GS,45,45,21,24,0,0,46.666666666666664,1.3353239438605813,1.4340013043348592,0.9731834762890708,1.210038693670196,1,45
M0_BASELINE,HAL,36,35,21,14,1,0,60.0,1.1087830467065238,1.5679123978956975,1.0455209241363628,1.288298597499987,1,36
M0_BASELINE,HD,41,41,20,21,0,0,48.78048780487805,1.1304834709228555,1.1389548033008587,0.9831148346391446,0.8069684406021623,1,41
M0_BASELINE,HON,26,26,16,10,0,0,61.53846153846154,1.3777491557697188,1.1890951578396356,0.9448282966608922,0.9679752550625103,1,26
M0_BASELINE,HOOD,45,43,28,15,2,0,65.11627906976744,2.887436282670728,2.3246023271428506,2.271203486423059,1.4403907496012833,1,45
M0_BASELINE,IBM,32,32,20,12,0,0,62.5,1.884728763467087,1.3547405272263924,1.4315979937161263,1.2252520151492314,1,32
M0_BASELINE,INTC,44,44,21,23,0,0,47.72727272727273,3.0860824385092327,2.9114820904442866,2.3234474996407597,2.4293044980925025,1,44
M0_BASELINE,ISRG,26,26,13,13,0,0,50.0,1.4993802085456376,1.2734456649324697,1.2883216675748463,0.7386619561058858,1,26
M0_BASELINE,IWM,55,49,24,25,0,6,48.97959183673469,0.7218260381238738,0.7802662386450859,0.5184813513965585,0.5821718434300157,1,55
M0_BASELINE,JNJ,36,35,17,18,0,1,48.57142857142857,0.8169571951964788,0.9341015854116053,0.5643969235479012,0.8249531685250144,1,36
M0_BASELINE,JPM,35,35,22,13,0,0,62.857142857142854,0.8951708372654043,1.0610225992952813,0.8288488897136164,0.5399615323724316,1,35
M0_BASELINE,KLAC,35,35,21,14,0,0,60.0,2.7974069784456934,2.1075855861917447,1.9353273769990003,1.3552542372881324,1,35
M0_BASELINE,LLY,41,40,25,15,1,0,62.5,1.4477376546279788,1.5772876379296652,1.1517034347055979,1.2216233872284856,1,41
M0_BASELINE,LMT,26,26,13,13,0,0,50.0,1.4331168633445455,1.2381344896082516,1.2109924516408817,1.2489857653247878,1,26
M0_BASELINE,LOW,18,18,11,7,0,0,61.111111111111114,1.1770574094304385,0.8605379331378445,0.9604630837768497,0.7927814326730639,1,18
M0_BASELINE,LRCX,44,44,21,23,0,0,47.72727272727273,2.550074359632903,2.363453127952933,1.9891634029806604,2.0272406561966374,1,44
M0_BASELINE,LULU,35,34,18,16,1,0,52.94117647058823,1.8887808893287512,1.9774809612792938,1.5609960242728682,1.5372920010136053,1,35
M0_BASELINE,MA,32,32,12,20,0,0,37.5,1.0332550481313207,0.9888530478267441,0.8443824820561231,0.844404990404978,1,32
M0_BASELINE,MCD,40,40,16,24,0,0,40.0,0.7409162910651576,0.899409743399022,0.6356457231288345,0.6120863003704671,1,40
M0_BASELINE,META,50,50,26,24,0,0,52.0,1.2537227077270159,1.2740785668877475,1.0495993524064984,1.1891320486680645,1,50
M0_BASELINE,MNDY,35,31,12,19,4,0,38.70967741935484,2.8989278664507365,2.7741743729171495,2.8958210712183563,1.9969040247678118,1,35
M0_BASELINE,MRK,33,33,17,16,0,0,51.515151515151516,1.0629930068531535,1.2076819738095401,1.0630876021439282,0.7826239887442847,1,33
M0_BASELINE,MRNA,35,33,22,11,2,0,66.66666666666667,3.2618176221021877,3.0749609819387738,3.3092037228541913,2.402016853801434,1,35
M0_BASELINE,MRVL,49,47,23,24,2,0,48.93617021276596,3.6271322131748454,2.2263676381965665,3.0844681778065772,1.6538517336428062,1,49
M0_BASELINE,MS,32,32,15,17,0,0,46.875,0.9370927265540117,1.5496917629231373,0.6088085076878464,1.0786988813933385,1,32
M0_BASELINE,MSFT,44,43,16,27,0,1,37.2093023255814,1.0310473940195595,1.0510813618198218,0.9691028188048897,0.9048549699890848,1,44
M0_BASELINE,MU,46,43,20,23,3,0,46.51162790697674,3.6422952928327534,2.565553199997623,2.635935629598197,1.906066134822781,1,46
M0_BASELINE,NEE,33,33,12,21,0,0,36.36363636363637,0.6631311852447234,1.0284072030195976,0.5020320344250558,0.9366270471599979,1,33
M0_BASELINE,NFLX,45,44,19,25,1,0,43.18181818181818,1.392135288866608,1.2513520967980951,1.110733310665311,1.002865167459029,1,45
M0_BASELINE,NKE,39,37,18,19,2,0,48.648648648648646,1.1956429561500836,1.6352665667687027,0.9573396036278138,1.4237760876968235,1,39
M0_BASELINE,NOW,41,40,21,19,1,0,52.5,2.143832429888093,1.8822134127029218,1.7815793204479853,1.50885900421033,1,41
M0_BASELINE,NVDA,50,50,24,26,0,0,48.0,1.6400314338256958,1.2881163521100862,1.3915205062256528,1.0152629745598423,1,50
M0_BASELINE,ORCL,48,46,27,19,2,0,58.69565217391305,2.3534982736047807,2.109593053187803,1.9759231425361694,1.563595078093841,1,48
M0_BASELINE,OXY,45,45,16,29,0,0,35.55555555555556,1.0763360683199312,1.419203164461247,0.7243784653908087,1.0228848821081766,1,45
M0_BASELINE,PANW,30,30,12,18,0,0,40.0,1.7883655046043712,1.6937429619114117,1.786677616594147,1.451547732356068,1,30
M0_BASELINE,PEP,33,32,16,16,0,1,50.0,0.8015856558547956,0.9929490538479508,0.5720682621711911,0.9628432956381319,1,33
M0_BASELINE,PFE,36,36,17,19,0,0,47.22222222222222,0.9858524450728806,0.8597872453502152,0.6881649577319922,0.7324139605458698,1,36
M0_BASELINE,PLTR,36,35,15,20,1,0,42.857142857142854,2.1571283407621933,1.948513921045483,1.5405239210929458,1.6610942267528404,1,36
M0_BASELINE,PYPL,40,40,21,19,0,0,52.5,1.4281634988013885,1.5066036891290921,0.990498843591992,1.1890630122652799,1,40
M0_BASELINE,QCOM,41,38,21,17,3,0,55.26315789473684,2.288626927099252,1.8522581353829308,2.000237651998262,1.2564957729000268,1,41
M0_BASELINE,QQQ,62,59,28,31,0,3,47.45762711864407,0.7305980939424479,0.6813325838680352,0.5702405015991334,0.6514337376045447,1,62
M0_BASELINE,RBLX,33,32,17,15,1,0,53.125,2.3526409242190165,2.462293711575581,1.9419419419419395,2.2228102672664627,1,33
M0_BASELINE,REGN,19,19,8,11,0,0,42.10526315789474,1.5737204929210438,1.1016624044187644,1.371332986160434,0.8761697384451863,1,19
M0_BASELINE,RTX,34,34,23,11,0,0,67.6470588235294,1.3742970717734282,0.9240444298867172,1.104334485300657,0.5475386236163962,1,34
M0_BASELINE,SBUX,37,37,18,19,0,0,48.648648648648646,1.2457850010726765,1.5004157311837822,0.9967723561799859,1.1522960776522684,1,37
M0_BASELINE,SCHW,27,27,18,9,0,0,66.66666666666667,1.2620500350549417,0.9271701119682019,1.121794871794869,0.8104368452263225,1,27
M0_BASELINE,SHOP,37,35,15,20,2,0,42.857142857142854,3.2323061992202384,1.6306195438144508,2.428932014730833,1.3613605329581628,1,37
M0_BASELINE,SLB,35,35,17,18,0,0,48.57142857142857,1.473215408887282,1.099348559562205,1.4583333333333393,0.8283132530120592,1,35
M0_BASELINE,SNOW,34,32,17,15,2,0,53.125,2.3393465983380968,2.4271912214536293,1.8495743557152104,2.2579120002807187,1,34
M0_BASELINE,SPY,65,52,22,30,0,13,42.30769230769231,0.5110524778931913,0.5259956156439557,0.43177200299431934,0.46506851324784476,1,65
M0_BASELINE,T,41,41,19,22,0,0,46.34146341463415,1.2528813636908513,1.3213364014770577,1.1680855276183002,1.0121457489878543,1,41
M0_BASELINE,TEAM,36,33,18,15,3,0,54.54545454545455,3.283690522456364,2.723155508330371,2.8305773512512484,2.798572577054065,1,36
M0_BASELINE,TGT,26,25,14,11,1,0,56.0,1.4640670007462644,1.1958830306193595,1.1797541744324287,0.9508147394403901,1,26
M0_BASELINE,TMO,29,29,15,14,0,0,51.724137931034484,1.5589565011658104,1.4179216084637694,1.2699070000172565,1.2539012444675084,1,29
M0_BASELINE,TMUS,27,26,10,16,0,1,38.46153846153846,0.9357603844265694,1.4698882075950563,0.6135986733001734,1.4187253848907928,1,27
M0_BASELINE,TQQQ,62,62,33,29,0,0,53.225806451612904,2.2222444114033237,2.202494068888111,1.769352691665547,1.9747764534851475,1,62
M0_BASELINE,TSLA,51,51,20,31,0,0,39.21568627450981,1.5876820646786023,1.6660826683192285,1.2743007650821627,1.0610811488774519,1,51
M0_BASELINE,TXN,43,43,20,23,0,0,46.51162790697674,1.5677257692689734,1.2589828382238208,1.2166113661500195,1.000362825895406,1,43
M0_BASELINE,UBER,37,37,17,20,0,0,45.945945945945944,1.3566070635173122,1.7764151684879874,0.9128108278250028,1.6522098306484767,1,37
M0_BASELINE,UNH,39,39,22,17,0,0,56.41025641025641,1.0534543128066065,1.2544866723353112,0.8745532569896585,1.0408790950664726,1,39
M0_BASELINE,UPS,33,33,16,17,0,0,48.484848484848484,1.3328404837557288,1.015291782863324,0.8630835995994066,0.8321198252548336,1,33
M0_BASELINE,URI,17,16,7,9,1,0,43.75,1.21438732372684,1.4130635461153873,1.0739359140667077,0.9950898453823659,1,17
M0_BASELINE,V,42,42,25,17,0,0,59.523809523809526,1.0241340728496513,0.9078271229398392,0.8821842733757386,0.7303080019322555,1,42
M0_BASELINE,VRTX,23,23,12,11,0,0,52.17391304347826,1.118352074330474,1.3466267685199793,0.8433231112350142,1.102760480041998,1,23
M0_BASELINE,VZ,39,39,15,24,0,0,38.46153846153846,1.1983580397459015,1.0438362828765382,0.8759842519685045,0.852151682999586,1,39
M0_BASELINE,WMT,33,33,16,17,0,0,48.484848484848484,1.2117980794702503,0.9807052942317854,0.9837398373983688,0.7492920932258762,1,33
M0_BASELINE,XOM,45,45,24,21,0,0,53.333333333333336,0.9884532266616,1.261400311753937,0.6486332113101895,1.277411113476675,1,45
M1_AVOIDANCE_FILTER,AAPL,26,26,14,12,0,0,53.84615384615385,1.1332729296483182,0.8818119925171216,0.8600756158304386,0.7852546971093732,1,26
M1_AVOIDANCE_FILTER,ABBV,26,25,12,13,1,0,48.0,1.1144523991122208,1.1970947936214598,0.9770268955672431,1.0365345159267978,1,26
M1_AVOIDANCE_FILTER,ABNB,19,19,8,11,0,0,42.10526315789474,1.1220872636652646,1.6412761475977367,1.0835150918173446,1.3521501403871823,1,19
M1_AVOIDANCE_FILTER,ADBE,29,29,12,17,0,0,41.37931034482759,1.917362260715409,1.3443530813190814,1.6078713702903809,1.151461470327721,1,29
M1_AVOIDANCE_FILTER,AMAT,32,31,17,14,1,0,54.83870967741935,2.9445986642981476,1.9386778014392045,2.1681413189039476,1.675757568156123,1,32
M1_AVOIDANCE_FILTER,AMD,33,33,15,18,0,0,45.45454545454545,2.622936672044704,2.1031960718929845,2.436823104693135,1.5108225108225146,1,33
M1_AVOIDANCE_FILTER,AMGN,25,25,12,13,0,0,48.0,1.169196422363383,1.1766983842637393,0.8177231340253995,1.0540217915830588,1,25
M1_AVOIDANCE_FILTER,AMZN,33,33,15,18,0,0,45.45454545454545,0.9557947639806389,1.3418579106571125,0.7478790166035387,0.8446087940510832,1,33
M1_AVOIDANCE_FILTER,ANET,29,29,19,10,0,0,65.51724137931035,2.3912441080287543,1.850077483736493,2.097681923727818,1.5295396882928696,1,29
M1_AVOIDANCE_FILTER,APP,46,43,23,20,3,0,53.48837209302326,3.2316600673411986,1.9789454896576806,3.0168247666192807,1.3396851588223921,1,46
M1_AVOIDANCE_FILTER,ARM,36,31,18,13,5,0,58.064516129032256,3.6150009354204165,2.634827812506761,2.5511368300601864,1.8027327382307172,1,36
M1_AVOIDANCE_FILTER,ASML,28,28,15,13,0,0,53.57142857142857,2.077458670816095,1.1497622707550477,2.0480399034361785,0.9096607333256539,1,28
M1_AVOIDANCE_FILTER,AVGO,24,23,5,18,1,0,21.73913043478261,1.1236862012101214,1.9418723662634791,0.7361940818521548,1.4700232638153592,1,24
M1_AVOIDANCE_FILTER,AXON,18,18,8,10,0,0,44.44444444444444,2.5647773848346054,3.3846129008188695,2.08548910252932,4.0156510783770365,1,18
M1_AVOIDANCE_FILTER,AXP,19,19,9,10,0,0,47.36842105263158,1.1392782032313573,1.0184871555516586,0.8084841740041145,0.8907863442305665,1,19
M1_AVOIDANCE_FILTER,BA,34,34,16,18,0,0,47.05882352941177,1.585020699968185,1.166796514723795,1.56311048164547,0.6480865554639128,1,34
M1_AVOIDANCE_FILTER,BAC,24,24,10,14,0,0,41.666666666666664,0.6485615817528984,1.412185036365716,0.42823546391319023,1.4261150310621336,1,24
M1_AVOIDANCE_FILTER,BKNG,24,23,11,12,1,0,47.82608695652174,1.3943741751271006,1.9896652557474586,0.7974835651056302,1.5928777676665566,1,24
M1_AVOIDANCE_FILTER,BLK,14,14,8,6,0,0,57.142857142857146,1.9928414585728305,1.2519115739402518,1.3848159089830205,0.9188413168454325,1,14
M1_AVOIDANCE_FILTER,BMY,29,28,15,13,1,0,53.57142857142857,1.193088120613606,1.295730262355217,0.8113590263691631,1.1257485029940162,1,29
M1_AVOIDANCE_FILTER,C,39,39,26,13,0,0,66.66666666666667,1.2725608883145219,1.5202621267449654,0.8651820643996219,1.2656309208033467,1,39
M1_AVOIDANCE_FILTER,CAT,24,24,12,12,0,0,50.0,1.297561181673469,1.6520286021358228,1.0622410979976513,1.3910550310466634,1,24
M1_AVOIDANCE_FILTER,CEG,26,25,11,14,1,0,44.0,1.7505069135134168,1.6338388471301788,1.3334265516742536,1.2895885845710775,1,26
M1_AVOIDANCE_FILTER,CMCSA,19,19,9,10,0,0,47.36842105263158,1.0039994690982936,1.3844939870118338,0.7381974248927033,1.1603878556668321,1,19
M1_AVOIDANCE_FILTER,CME,25,25,8,17,0,0,32.0,0.9071202367964011,1.4462521362754452,0.5726031419762158,1.1659192825112081,1,25
M1_AVOIDANCE_FILTER,CMG,26,25,12,13,1,0,48.0,1.9600789293970218,1.348729301926728,1.5042213642897997,1.185228029248478,1,26
M1_AVOIDANCE_FILTER,COIN,34,33,17,16,1,0,51.515151515151516,2.710835207540517,3.1104181984661845,1.8877422874808603,2.690612972921303,1,34
M1_AVOIDANCE_FILTER,COP,22,22,12,10,0,0,54.54545454545455,1.4466869436746697,0.7765457757385971,1.3100553418754928,0.6844000982675387,1,22
M1_AVOIDANCE_FILTER,COST,35,35,18,17,0,0,51.42857142857143,0.7998929387983934,0.8793338351014623,0.6593705914270208,0.715734600145033,1,35
M1_AVOIDANCE_FILTER,CRM,27,27,15,12,0,0,55.55555555555556,2.0568396919391683,1.7164680534898606,1.494827207876111,1.1060680980160795,1,27
M1_AVOIDANCE_FILTER,CRWD,25,25,11,14,0,0,44.0,2.528843263064864,1.9374064829654534,2.2207394497697006,1.76488665964325,1,25
M1_AVOIDANCE_FILTER,CSCO,22,22,8,14,0,0,36.36363636363637,1.3196985281277607,1.2242577435506201,0.9150995003432596,0.7945401403143642,1,22
M1_AVOIDANCE_FILTER,CVS,28,27,13,14,1,0,48.148148148148145,1.375655625367184,1.2535834847636143,1.051320938576035,0.7882202317607523,1,28
M1_AVOIDANCE_FILTER,CVX,32,32,14,18,0,0,43.75,0.8159352365741535,1.0673686748674838,0.6672251598881854,0.8784010575079217,1,32
M1_AVOIDANCE_FILTER,DASH,28,27,12,15,1,0,44.44444444444444,2.144121318935805,2.3826102502874944,1.590209232987156,1.8356408870643617,1,28
M1_AVOIDANCE_FILTER,DDOG,31,29,21,8,2,0,72.41379310344827,2.923501334359806,2.2847893355216473,2.82985896069408,1.6892496866232933,1,31
M1_AVOIDANCE_FILTER,DE,20,20,7,13,0,0,35.0,1.8371749284341554,1.036532486704401,1.6451882626371868,0.7433911898872535,1,20
M1_AVOIDANCE_FILTER,DELL,35,34,18,16,1,0,52.94117647058823,3.6934287069750122,2.078854149659808,2.805996375816821,1.6335466487032773,1,35
M1_AVOIDANCE_FILTER,DIS,34,34,17,17,0,0,50.0,0.9573383868782471,0.9236702488448503,0.7559054064446882,0.6869896712731789,1,34
M1_AVOIDANCE_FILTER,EOG,14,14,8,6,0,0,57.142857142857146,1.0067782019301197,1.6684389428351467,0.906966266567946,1.4736150143079452,1,14
M1_AVOIDANCE_FILTER,ETN,19,19,10,9,0,0,52.63157894736842,1.6494705939170118,1.3530849067812045,1.4942980731419553,0.9974691082328376,1,19
M1_AVOIDANCE_FILTER,FDX,19,19,13,6,0,0,68.42105263157895,1.5329830351367826,0.8997134321104621,1.2284716367577937,0.5578678465982787,1,19
M1_AVOIDANCE_FILTER,GE,28,28,12,16,0,0,42.857142857142854,1.2540386046564862,1.5279119189114767,0.8176289403703743,1.469397433473461,1,28
M1_AVOIDANCE_FILTER,GILD,21,21,12,9,0,0,57.142857142857146,1.3135570147845863,0.9124499503714818,1.0869565217391304,0.852018827828647,1,21
M1_AVOIDANCE_FILTER,GOOG,26,26,14,12,0,0,53.84615384615385,1.2887028935379459,1.1681621607914023,0.8788319133792888,0.8723610333422346,1,26
M1_AVOIDANCE_FILTER,GS,35,35,16,19,0,0,45.714285714285715,1.3583571248098572,1.5597308049970293,0.9731834762890708,1.292449562215552,1,35
M1_AVOIDANCE_FILTER,HAL,28,27,17,10,1,0,62.96296296296296,1.1211913498248396,1.6037455872663888,1.045995923219101,1.288298597499987,1,28
M1_AVOIDANCE_FILTER,HD,32,32,15,17,0,0,46.875,1.2232849937600445,1.0538661334929686,1.0046095220917675,0.694138169967766,1,32
M1_AVOIDANCE_FILTER,HON,20,20,14,6,0,0,70.0,1.6233101009166906,0.9716401864832118,1.2950886707858387,0.6575170782340019,1,20
M1_AVOIDANCE_FILTER,HOOD,35,33,23,10,2,0,69.6969696969697,3.1118855815940782,2.146961137101962,3.0723955267804506,1.3515358361774674,1,35
M1_AVOIDANCE_FILTER,IBM,25,25,15,10,0,0,60.0,2.0740232006335924,1.243144984343861,1.5960905999739927,1.092533616418966,1,25
M1_AVOIDANCE_FILTER,INTC,35,35,18,17,0,0,51.42857142857143,3.020378337005436,2.883317613335494,2.2122176511682015,2.474916387959865,1,35
M1_AVOIDANCE_FILTER,ISRG,20,20,10,10,0,0,50.0,1.6761922087426075,1.1281748420608182,1.2883216675748463,0.632438140804827,1,20
M1_AVOIDANCE_FILTER,IWM,38,36,18,18,0,2,50.0,0.7875364472828948,0.7766663234984078,0.5952298293338187,0.6153335658532211,1,38
M1_AVOIDANCE_FILTER,JNJ,27,27,13,14,0,0,48.148148148148145,0.8389340630875791,0.961161019316158,0.5735433742176602,0.8427579581677561,1,27
M1_AVOIDANCE_FILTER,JPM,30,30,18,12,0,0,60.0,0.8287966082378143,1.1625969339173416,0.8226969835088391,0.6521510041862558,1,30
M1_AVOIDANCE_FILTER,KLAC,23,23,14,9,0,0,60.869565217391305,2.7107584768685737,2.5874724279535486,1.5475021972452718,1.8951978254303767,1,23
M1_AVOIDANCE_FILTER,LLY,38,37,22,15,1,0,59.45945945945946,1.4237278544073833,1.6816704529603286,1.0991504309035673,1.3085952952711981,1,38
M1_AVOIDANCE_FILTER,LMT,20,20,11,9,0,0,55.0,1.6518754977032823,1.0939159187358165,1.3418096655776788,1.1214750452439466,1,20
M1_AVOIDANCE_FILTER,LOW,14,14,10,4,0,0,71.42857142857143,1.318705998701073,0.8533675700992214,1.3146982601877744,0.6495036841927713,1,14
M1_AVOIDANCE_FILTER,LRCX,32,32,16,16,0,0,50.0,2.555791925702426,2.416788639428861,1.977575994043454,2.0293344957153128,1,32
M1_AVOIDANCE_FILTER,LULU,30,29,18,11,1,0,62.06896551724138,2.1296310708645434,1.8531646171150848,1.8254009735142778,1.0220630335578764,1,30
M1_AVOIDANCE_FILTER,MA,25,25,10,15,0,0,40.0,0.9400213807899805,1.0237597574667496,0.7271465062256776,0.8562251306390588,1,25
M1_AVOIDANCE_FILTER,MCD,30,30,11,19,0,0,36.666666666666664,0.7191123529872454,0.9368490073459347,0.6356457231288345,0.6447235682465358,1,30
M1_AVOIDANCE_FILTER,META,41,41,22,19,0,0,53.65853658536585,1.3204255815506651,1.1944555072696772,1.1424017003188192,1.0224715436548026,1,41
M1_AVOIDANCE_FILTER,MNDY,25,22,9,13,3,0,40.90909090909091,2.918831149854296,2.8448701012550357,2.8958210712183563,2.001177163037084,1,25
M1_AVOIDANCE_FILTER,MRK,22,22,11,11,0,0,50.0,0.9865197899724065,1.0532105099238565,1.1400050882330204,0.7454857303748543,1,22
M1_AVOIDANCE_FILTER,MRNA,31,29,19,10,2,0,65.51724137931035,3.364479661993831,2.921712785844333,3.3092037228541913,2.286813421671298,1,31
M1_AVOIDANCE_FILTER,MRVL,30,28,18,10,2,0,64.28571428571429,3.8502717709505823,2.3265220581850445,2.819962911413569,1.9033248187152072,1,30
M1_AVOIDANCE_FILTER,MS,21,21,13,8,0,0,61.904761904761905,1.085860504022415,1.2444770647022827,0.7986037656018568,0.8375301072914392,1,21
M1_AVOIDANCE_FILTER,MSFT,29,29,8,21,0,0,27.586206896551722,1.0722976173885048,1.1598730359576062,0.8776180477036535,0.9650938350271002,1,29
M1_AVOIDANCE_FILTER,MU,34,31,16,15,3,0,51.61290322580645,3.4991632240767343,2.5929235140023392,2.5431613096241286,1.9325917581512284,1,34
M1_AVOIDANCE_FILTER,NEE,21,21,9,12,0,0,42.857142857142854,0.6927902059703667,0.9659823328241909,0.6076186024772097,0.6241313792671169,1,21
M1_AVOIDANCE_FILTER,NFLX,40,39,17,22,1,0,43.58974358974359,1.398957449950298,1.3026086519231577,1.1017875056809663,0.9839814996470211,1,40
M1_AVOIDANCE_FILTER,NKE,32,30,15,15,2,0,50.0,1.1053952542733283,1.58382821703621,0.8531312682273006,1.5046542772283873,1,32
M1_AVOIDANCE_FILTER,NOW,30,29,17,12,1,0,58.62068965517241,2.3175493173635835,1.9452411267558607,2.2507140977608135,1.4411029507318154,1,30
M1_AVOIDANCE_FILTER,NVDA,40,40,24,16,0,0,60.0,1.836642213820032,1.1195726318674972,1.4180798514914297,0.9496197159314602,1,40
M1_AVOIDANCE_FILTER,ORCL,38,36,23,13,2,0,63.888888888888886,2.675979714893032,1.83827210880806,2.2515063654361547,1.3902865398737823,1,38
M1_AVOIDANCE_FILTER,OXY,40,40,15,25,0,0,37.5,1.0959474476841722,1.4424182079257561,0.8455404679263381,1.0204874557785342,1,40
M1_AVOIDANCE_FILTER,PANW,22,22,10,12,0,0,45.45454545454545,1.8509840910070088,1.9082184495147887,1.809142016801427,1.5954944941125357,1,22
M1_AVOIDANCE_FILTER,PEP,24,23,10,13,0,1,43.47826086956522,0.8054389692396255,1.028302151249622,0.5545976790278111,0.9963925259170077,1,24
M1_AVOIDANCE_FILTER,PFE,30,30,15,15,0,0,50.0,0.9654976043912129,0.8766318812962125,0.6881649577319922,0.7823346878087206,1,30
M1_AVOIDANCE_FILTER,PLTR,26,26,14,12,0,0,53.84615384615385,2.4153259203616386,1.6899317175006408,2.0883056725581532,1.5844570814589773,1,26
M1_AVOIDANCE_FILTER,PYPL,29,29,17,12,0,0,58.62068965517241,1.6047208847005583,1.5657238820885404,1.1673850574712619,1.0506465517241395,1,29
M1_AVOIDANCE_FILTER,QCOM,33,30,17,13,3,0,56.666666666666664,2.5992710913876755,1.7957958497692628,2.407506702412874,1.2283683559950582,1,33
M1_AVOIDANCE_FILTER,QQQ,49,47,22,25,0,2,46.808510638297875,0.7070633070769538,0.6762632532493262,0.5545788391178377,0.6086274045225035,1,49
M1_AVOIDANCE_FILTER,RBLX,21,21,8,13,0,0,38.095238095238095,2.139165678865711,2.3078996784835146,1.7010358262852858,2.2228102672664627,1,21
M1_AVOIDANCE_FILTER,REGN,17,17,7,10,0,0,41.1764705882353,1.6138886330528162,1.1740007708588582,1.373570386311569,1.4666746404329674,1,17
M1_AVOIDANCE_FILTER,RTX,27,27,20,7,0,0,74.07407407407408,1.5476824536757,0.8631912324139057,1.267580399534181,0.49387232485823307,1,27
M1_AVOIDANCE_FILTER,SBUX,24,24,13,11,0,0,54.166666666666664,1.1723580565922853,1.2900474295816864,0.9753488796067343,1.0968174735573815,1,24
M1_AVOIDANCE_FILTER,SCHW,22,22,15,7,0,0,68.18181818181819,1.3114347438920333,0.862162702961368,1.1363347579120955,0.7111054951234408,1,22
M1_AVOIDANCE_FILTER,SHOP,26,24,11,13,2,0,45.833333333333336,3.6703134197873144,1.5384653023774268,2.867321607191224,1.4254317393858948,1,26
M1_AVOIDANCE_FILTER,SLB,25,25,12,13,0,0,48.0,1.6216520915914772,1.0189535802690246,1.593750000000001,0.7637017070979284,1,25
M1_AVOIDANCE_FILTER,SNOW,26,25,14,11,1,0,56.0,2.1049169095168527,2.6614601363247896,1.7613334114547259,2.40534283388736,1,26
M1_AVOIDANCE_FILTER,SPY,46,39,18,21,0,7,46.15384615384615,0.5675075757601821,0.5526690482549687,0.48000894216035556,0.4937616191750106,1,46
M1_AVOIDANCE_FILTER,T,30,30,12,18,0,0,40.0,1.3443026826432496,1.4986422289597363,1.2176863829574263,1.0981481738575787,1,30
M1_AVOIDANCE_FILTER,TEAM,31,28,15,13,3,0,53.57142857142857,3.278515331435413,2.8814627401500164,2.89129923771784,2.979571499750867,1,31
M1_AVOIDANCE_FILTER,TGT,20,19,11,8,1,0,57.89473684210526,1.454604568821708,1.1710095142227501,1.159813650431667,0.9479183532563673,1,20
M1_AVOIDANCE_FILTER,TMO,22,22,14,8,0,0,63.63636363636363,1.625725587343413,1.2328424736231045,1.5904306123584209,1.1839031072543835,1,22
M1_AVOIDANCE_FILTER,TMUS,19,19,8,11,0,0,42.10526315789474,1.0396973285537099,1.47688102636363,0.6135986733001734,1.4187253848907928,1,19
M1_AVOIDANCE_FILTER,TQQQ,49,49,28,21,0,0,57.142857142857146,2.4770539959114743,2.148718654338636,2.09650367694491,1.8868999186330253,1,49
M1_AVOIDANCE_FILTER,TSLA,40,40,18,22,0,0,45.0,1.5995622012203667,1.4406302441414933,1.2429922320326752,1.0673882051511825,1,40
M1_AVOIDANCE_FILTER,TXN,33,33,18,15,0,0,54.54545454545455,1.5096877391907715,1.2912902493228275,1.0682720635327165,1.0645315378841314,1,33
M1_AVOIDANCE_FILTER,UBER,27,27,12,15,0,0,44.44444444444444,1.045146619655227,1.7076391461176603,0.7593265103994755,1.7295813315030761,1,27
M1_AVOIDANCE_FILTER,UNH,32,32,19,13,0,0,59.375,1.0817860054913315,1.2981418618547407,1.1222374958610442,1.0699368645011011,1,32
M1_AVOIDANCE_FILTER,UPS,29,29,14,15,0,0,48.275862068965516,1.3905530445054342,0.9615722322011304,0.8630835995994066,0.8398707891093778,1,29
M1_AVOIDANCE_FILTER,URI,10,9,4,5,1,0,44.44444444444444,1.1095987895169008,1.7647908455346368,0.8736276797164578,1.582940126908031,1,10
M1_AVOIDANCE_FILTER,V,32,32,20,12,0,0,62.5,1.132360894621794,0.8234159738573488,0.9983245932613253,0.707486935285319,1,32
M1_AVOIDANCE_FILTER,VRTX,15,15,9,6,0,0,60.0,1.0937776717451195,1.4070349978285366,0.7794250294886335,1.102760480041998,1,15
M1_AVOIDANCE_FILTER,VZ,35,35,12,23,0,0,34.285714285714285,1.1956792107243126,1.0642453043488114,0.8572834645669244,0.8775510204081627,1,35
M1_AVOIDANCE_FILTER,WMT,29,29,13,16,0,0,44.827586206896555,1.0854450354278296,0.9932696258041913,0.8851574668540758,0.7492920932258762,1,29
M1_AVOIDANCE_FILTER,XOM,38,38,18,20,0,0,47.36842105263158,0.9879067171844691,1.3245310008602968,0.6460019847392409,1.4400450507908735,1,38
M2_POSITIVE_ONLY,AAPL,1,1,0,1,0,0,0.0,0.2865859295553422,0.8042895442359291,0.2865859295553422,0.8042895442359291,1,1
M2_POSITIVE_ONLY,ABBV,6,6,3,3,0,0,50.0,1.0330998189583624,0.9753403190433044,1.18363291369432,0.9444122042649048,1,6
M2_POSITIVE_ONLY,ABNB,2,2,1,1,0,0,50.0,0.8473471900480013,1.6672070472410567,0.8473471900480013,1.6672070472410567,1,2
M2_POSITIVE_ONLY,ADBE,6,6,4,2,0,0,66.66666666666667,2.8199046765738323,0.9613864721813563,2.9990290316667574,0.6230175672048638,1,6
M2_POSITIVE_ONLY,AMAT,3,3,1,2,0,0,33.333333333333336,0.699389262527082,3.152638629751665,0.6004454547541983,3.887102140401459,1,3
M2_POSITIVE_ONLY,AMD,6,6,2,4,0,0,33.333333333333336,3.0864570796576802,2.2849994074863633,3.32856324709892,1.277663638207375,1,6
M2_POSITIVE_ONLY,AMGN,5,5,2,3,0,0,40.0,1.2472148236443377,0.6900393734054378,1.3590679913347568,0.5777635179485435,1,5
M2_POSITIVE_ONLY,AMZN,1,1,1,0,0,0,100.0,1.6077974008663836,0.10621459513495311,1.6077974008663836,0.10621459513495311,1,1
M2_POSITIVE_ONLY,ANET,1,1,1,0,0,0,100.0,2.186782650718848,1.5295396882928696,2.186782650718848,1.5295396882928696,1,1
M2_POSITIVE_ONLY,APP,6,5,2,3,1,0,40.0,3.1767651995321593,1.2625463950017242,3.137426321704349,0.8205118490894783,1,6
M2_POSITIVE_ONLY,ARM,5,5,4,1,0,0,80.0,4.8348641411457285,1.0634276833621943,3.7789651253890786,0.49305244285073707,1,5
M2_POSITIVE_ONLY,ASML,4,4,3,1,0,0,75.0,1.1086873764973952,2.003937690026774,1.0919801862306615,1.8709151080236956,1,4
M2_POSITIVE_ONLY,AVGO,1,1,0,1,0,0,0.0,0.7402758561668175,2.7799569242180047,0.7402758561668175,2.7799569242180047,1,1
M2_POSITIVE_ONLY,AXON,3,3,1,2,0,0,33.333333333333336,5.450323355816753,2.0529212861501316,4.478125141383523,1.1301633262453068,1,3
M2_POSITIVE_ONLY,AXP,4,4,1,3,0,0,25.0,1.5716030088612731,0.926898941910937,1.378451285818936,0.863953555304966,1,4
M2_POSITIVE_ONLY,BA,4,4,1,3,0,0,25.0,0.9952894746673876,2.4420111649647898,0.8162445682042643,1.7411936748980295,1,4
M2_POSITIVE_ONLY,BAC,2,2,0,2,0,0,0.0,0.42823546391319023,1.6072033344224959,0.42823546391319023,1.6072033344224959,1,2
M2_POSITIVE_ONLY,BKNG,2,2,2,0,0,0,100.0,2.875082467068842,0.44873222890805203,2.875082467068842,0.44873222890805203,1,2
M2_POSITIVE_ONLY,BLK,1,1,0,1,0,0,0.0,0.4937061223060516,0.8683625413610245,0.4937061223060516,0.8683625413610245,1,1
M2_POSITIVE_ONLY,BMY,5,5,4,1,0,0,80.0,1.1047634788709473,1.3729862236104309,1.0474179928548282,1.2909801257007052,1,5
M2_POSITIVE_ONLY,C,4,4,3,1,0,0,75.0,0.7176404939633939,1.6139544520595583,0.5860273679460707,1.881625065934555,1,4
M2_POSITIVE_ONLY,CEG,8,8,1,7,0,0,12.5,1.7842428206398022,1.9973834998497746,0.5505626335349671,2.2177343582918034,1,8
M2_POSITIVE_ONLY,CMCSA,3,3,2,1,0,0,66.66666666666667,1.4037379945415422,1.0363992893233884,0.5319584254030538,0.6026516673362738,1,3
M2_POSITIVE_ONLY,CME,2,2,1,1,0,0,50.0,1.8750422626872183,0.48975092148808974,1.8750422626872183,0.48975092148808974,1,2
M2_POSITIVE_ONLY,CMG,4,4,2,2,0,0,50.0,1.3523214406339188,1.2291592595209302,1.5144689371890414,1.0617922278376486,1,4
M2_POSITIVE_ONLY,COIN,3,3,2,1,0,0,66.66666666666667,2.477635584328782,1.4863075964693155,2.116168852639702,0.6447701972886517,1,3
M2_POSITIVE_ONLY,COP,3,3,1,2,0,0,33.333333333333336,1.949005920247753,0.8789676133131524,1.9295109766717118,0.6920573811815348,1,3
M2_POSITIVE_ONLY,COST,3,3,2,1,0,0,66.66666666666667,1.357704022452312,0.21964112437404362,1.0962905067001212,0.10489834116642655,1,3
M2_POSITIVE_ONLY,CRM,4,4,3,1,0,0,75.0,2.1946261685763773,1.0127955243221767,2.2335211528744345,1.0805140558142292,1,4
M2_POSITIVE_ONLY,CRWD,3,3,1,2,0,0,33.333333333333336,1.9939878392937505,2.3772487884335116,1.575132221757874,2.925451427418535,1,3
M2_POSITIVE_ONLY,CSCO,1,1,1,0,0,0,100.0,5.328809482906718,0.03435835767049651,5.328809482906718,0.03435835767049651,1,1
M2_POSITIVE_ONLY,CVS,3,3,1,2,0,0,33.333333333333336,0.6459729647238114,1.7714781813434577,0.10169060633023809,1.6009736916019173,1,3
M2_POSITIVE_ONLY,CVX,5,5,4,1,0,0,80.0,1.0818382479319504,1.3211267212139444,1.402137679242289,1.3122387427906184,1,5
M2_POSITIVE_ONLY,DASH,2,2,2,0,0,0,100.0,2.0522143048169035,1.132182281347293,2.0522143048169035,1.132182281347293,1,2
M2_POSITIVE_ONLY,DDOG,7,7,6,1,0,0,85.71428571428571,3.3801008326815425,1.1444730630643265,3.8989945506178514,0.9055952106838618,1,7
M2_POSITIVE_ONLY,DE,4,4,1,3,0,0,25.0,2.538088674372348,1.4314420702466482,2.2343645927620646,1.682393967912346,1,4
M2_POSITIVE_ONLY,DELL,7,7,4,3,0,0,57.142857142857146,3.4428306357743415,2.0324049082522415,3.0006256316473294,0.7459454256701532,1,7
M2_POSITIVE_ONLY,DIS,3,3,2,1,0,0,66.66666666666667,0.9372138407793073,1.1685698809655425,0.5675568656782174,1.2979013594966733,1,3
M2_POSITIVE_ONLY,EOG,2,2,1,1,0,0,50.0,1.9449843776220295,0.47121135941870396,1.9449843776220295,0.47121135941870396,1,2
M2_POSITIVE_ONLY,ETN,1,1,0,1,0,0,0.0,0.40934264387189706,1.8781603660004844,0.40934264387189706,1.8781603660004844,1,1
M2_POSITIVE_ONLY,GE,3,3,2,1,0,0,66.66666666666667,1.1876898891140195,1.4066490644506249,0.5277466815928282,1.6412238747297354,1,3
M2_POSITIVE_ONLY,GILD,1,1,0,1,0,0,0.0,0.7554296506137896,0.9611493322541367,0.7554296506137896,0.9611493322541367,1,1
M2_POSITIVE_ONLY,GOOG,2,2,2,0,0,0,100.0,2.3510442718737448,1.9092315723738664,2.3510442718737448,1.9092315723738664,1,2
M2_POSITIVE_ONLY,GS,5,5,3,2,0,0,60.0,1.731925227024139,1.1911869866223943,1.0654944634901002,1.0905780257244684,1,5
M2_POSITIVE_ONLY,HAL,3,3,2,1,0,0,66.66666666666667,0.8378154156213524,1.3758321573181291,0.9288824383164014,0.9724238026124843,1,3
M2_POSITIVE_ONLY,HD,5,5,3,2,0,0,60.0,1.3843024993565853,1.0753887809695262,1.5004167824395707,0.532038834951458,1,5
M2_POSITIVE_ONLY,HON,3,3,3,0,0,0,100.0,2.5756584091312327,0.2510367399486009,3.4878144482713522,0.23802624498074623,1,3
M2_POSITIVE_ONLY,HOOD,3,3,3,0,0,0,100.0,3.6481081073798265,1.2236075415342524,3.2685976046189795,1.3515358361774674,1,3
M2_POSITIVE_ONLY,IBM,4,4,3,1,0,0,75.0,1.8983976635543485,1.2941947475502333,1.785440580627836,1.5702230053236048,1,4
M2_POSITIVE_ONLY,INTC,5,5,5,0,0,0,100.0,2.234511788922494,3.724604884955099,1.1728367274150089,3.6732675150754193,1,5
M2_POSITIVE_ONLY,ISRG,3,3,3,0,0,0,100.0,2.838611352016759,0.9658516606320884,1.3935867947503657,0.24724657226343508,1,3
M2_POSITIVE_ONLY,IWM,5,4,3,1,0,1,75.0,0.8400453543125866,1.0124339404804394,0.7233402563918864,0.3679529611892848,1,5
M2_POSITIVE_ONLY,JNJ,6,6,3,3,0,0,50.0,0.7424680200631456,1.027142278379895,0.5887640043295452,0.8706749768270396,1,6
M2_POSITIVE_ONLY,JPM,3,3,2,1,0,0,66.66666666666667,0.8619457657909648,0.6244123924971429,1.0396151486778895,0.2776289025925748,1,3
M2_POSITIVE_ONLY,KLAC,1,1,1,0,0,0,100.0,0.8274610292547422,5.872304078582106,0.8274610292547422,5.872304078582106,1,1
M2_POSITIVE_ONLY,LLY,7,7,7,0,0,0,100.0,2.1810752206889767,1.5414763374670122,2.1934352348285535,1.0101346476184159,1,7
M2_POSITIVE_ONLY,LMT,1,1,0,1,0,0,0.0,1.786949903127582,1.217651536119566,1.786949903127582,1.217651536119566,1,1
M2_POSITIVE_ONLY,LOW,3,3,2,1,0,0,66.66666666666667,1.828622442832322,0.5639209325118735,1.9974834853727557,0.3471167614006211,1,3
M2_POSITIVE_ONLY,LRCX,3,3,2,1,0,0,66.66666666666667,1.3398933906186885,4.720576803923584,1.0101909429652585,5.814032900930713,1,3
M2_POSITIVE_ONLY,LULU,4,3,3,0,1,0,100.0,3.4958570705627405,0.567522151854339,3.5762512319226407,0.6766970303731127,1,4
M2_POSITIVE_ONLY,MA,6,6,3,3,0,0,50.0,1.6926632684172567,0.6247651217059808,1.6045665158032998,0.6323283414786686,1,6
M2_POSITIVE_ONLY,MCD,2,2,0,2,0,0,0.0,0.3300795576369787,2.064393413122276,0.3300795576369787,2.064393413122276,1,2
M2_POSITIVE_ONLY,META,5,5,3,2,0,0,60.0,2.222837509386336,0.7054699791750523,2.256816651266224,0.6244257664953822,1,5
M2_POSITIVE_ONLY,MNDY,9,8,3,5,1,0,37.5,3.150296422901171,1.9500535890033817,2.915492957746469,1.8873239436619764,1,9
M2_POSITIVE_ONLY,MRK,2,2,2,0,0,0,100.0,1.94674899823967,0.2683487473198969,1.94674899823967,0.2683487473198969,1,2
M2_POSITIVE_ONLY,MRNA,2,1,1,0,1,0,100.0,2.362752156824664,4.6754039585807226,2.362752156824664,4.6754039585807226,1,2
M2_POSITIVE_ONLY,MRVL,6,6,5,1,0,0,83.33333333333333,2.1124877284288517,4.089474988539934,2.2870468161590205,3.5468507217779246,1,6
M2_POSITIVE_ONLY,MS,3,3,3,0,0,0,100.0,1.1054827740574298,0.47372477713092503,0.8950789812517578,0.3761985594347815,1,3
M2_POSITIVE_ONLY,MSFT,2,2,0,2,0,0,0.0,2.229839502919312,0.7534337692742545,2.229839502919312,0.7534337692742545,1,2
M2_POSITIVE_ONLY,MU,7,6,4,2,1,0,66.66666666666667,2.317594050666353,3.985624378830823,1.4924998745798537,2.9712955779674104,1,7
M2_POSITIVE_ONLY,NEE,4,4,2,2,0,0,50.0,0.6360530669928343,0.9923612248661284,0.6406169011953002,1.100960064750383,1,4
M2_POSITIVE_ONLY,NFLX,7,7,2,5,0,0,28.571428571428573,1.9184131696151607,0.7360600843386363,1.1529592621060691,0.5381165919282533,1,7
M2_POSITIVE_ONLY,NKE,6,6,3,3,0,0,50.0,0.8180859798868392,1.683005896281849,0.4785474945526085,1.5909072434783043,1,6
M2_POSITIVE_ONLY,NOW,6,6,3,3,0,0,50.0,2.5015846732303753,1.9079880777398415,2.1501227673629906,1.5212822238192993,1,6
M2_POSITIVE_ONLY,NVDA,4,4,1,3,0,0,25.0,1.1430771018174204,1.478465430001095,1.1765707570981077,1.152360525781772,1,4
M2_POSITIVE_ONLY,ORCL,7,7,3,4,0,0,42.857142857142854,2.019828128548163,1.3997463092644924,1.3068783068783063,1.6157434785465559,1,7
M2_POSITIVE_ONLY,OXY,9,9,4,5,0,0,44.44444444444444,1.4930137984157605,1.9358192426698568,1.2454152742684863,0.7114905727499086,1,9
M2_POSITIVE_ONLY,PANW,1,1,0,1,0,0,0.0,1.9500513171399207,1.6968867601778923,1.9500513171399207,1.6968867601778923,1,1
M2_POSITIVE_ONLY,PEP,3,3,3,0,0,0,100.0,0.8679082755658792,1.081284596563285,0.8875872944356789,1.377187054141334,1,3
M2_POSITIVE_ONLY,PFE,5,5,4,1,0,0,80.0,1.9859069197798327,0.47223035007137726,2.4500090073860554,0.6018602954586875,1,5
M2_POSITIVE_ONLY,PLTR,2,2,1,1,0,0,50.0,0.5356299484107971,1.8301364555160973,0.5356299484107971,1.8301364555160973,1,2
M2_POSITIVE_ONLY,PYPL,3,3,2,1,0,0,66.66666666666667,1.4867376936154348,1.3935589764503493,1.4812202433433193,0.9875032771126413,1,3
M2_POSITIVE_ONLY,QCOM,3,3,2,1,0,0,66.66666666666667,2.4288507555597048,0.9053892311765709,2.640510843927977,0.8148190761088313,1,3
M2_POSITIVE_ONLY,QQQ,1,1,0,1,0,0,0.0,0.22532037741163535,1.298408674834534,0.22532037741163535,1.298408674834534,1,1
M2_POSITIVE_ONLY,RBLX,2,2,1,1,0,0,50.0,2.7164456813568205,1.5170703871928506,2.7164456813568205,1.5170703871928506,1,2
M2_POSITIVE_ONLY,REGN,2,2,1,1,0,0,50.0,3.383857941751179,0.8187716883191362,3.383857941751179,0.8187716883191362,1,2
M2_POSITIVE_ONLY,RTX,2,2,1,1,0,0,50.0,2.5159657451864526,0.36007307069317046,2.5159657451864526,0.36007307069317046,1,2
M2_POSITIVE_ONLY,SBUX,4,4,2,2,0,0,50.0,1.6514494885154036,0.9759259677061616,1.7914190561234542,0.925790620325974,1,4
M2_POSITIVE_ONLY,SCHW,3,3,3,0,0,0,100.0,2.076146551856626,0.7822156954962182,1.163099474215305,0.9400393010781145,1,3
M2_POSITIVE_ONLY,SHOP,5,5,3,2,0,0,60.0,4.778015201669002,0.5665500235405092,4.388556168633536,0.709870876935314,1,5
M2_POSITIVE_ONLY,SLB,6,6,1,5,0,0,16.666666666666668,1.2889045953298106,1.1317920267945167,1.3556880636155335,1.0787931787915315,1,6
M2_POSITIVE_ONLY,SNOW,5,5,3,2,0,0,60.0,2.318017285781091,2.897106173711431,2.4415925836244594,2.7430903870766916,1,5
M2_POSITIVE_ONLY,SPY,1,0,0,0,0,1,,0.24271447829764528,0.4617966222111201,0.24271447829764528,0.4617966222111201,1,1
M2_POSITIVE_ONLY,T,2,2,0,2,0,0,0.0,0.5910615295585295,3.366153750837091,0.5910615295585295,3.366153750837091,1,2
M2_POSITIVE_ONLY,TEAM,4,4,3,1,0,0,75.0,4.5090744999713985,1.9381824324157926,4.577574494278413,2.233654513045781,1,4
M2_POSITIVE_ONLY,TGT,1,1,0,1,0,0,0.0,0.5427068548050359,1.536277865909663,0.5427068548050359,1.536277865909663,1,1
M2_POSITIVE_ONLY,TMO,5,5,4,1,0,0,80.0,2.37439406160048,0.6881739589556222,2.5795997892581335,0.3677601060304966,1,5
M2_POSITIVE_ONLY,TMUS,1,1,0,1,0,0,0.0,0.8234318872616638,1.9148936170212787,0.8234318872616638,1.9148936170212787,1,1
M2_POSITIVE_ONLY,TQQQ,1,1,1,0,0,0,100.0,0.686250084931951,3.9637736960115815,0.686250084931951,3.9637736960115815,1,1
M2_POSITIVE_ONLY,TSLA,3,3,1,2,0,0,33.333333333333336,1.2925242285943424,1.2884984652030635,0.9541106370274489,1.2874895819079752,1,3
M2_POSITIVE_ONLY,TXN,2,2,2,0,0,0,100.0,2.605874395080218,0.6146971017448863,2.605874395080218,0.6146971017448863,1,2
M2_POSITIVE_ONLY,UBER,4,4,2,2,0,0,50.0,1.241005189457318,1.7447811105963968,1.1561592042455313,1.730455374383088,1,4
M2_POSITIVE_ONLY,UNH,3,3,2,1,0,0,66.66666666666667,1.2296494160901745,0.9915282987200221,1.33611214206184,0.4571483107463249,1,3
M2_POSITIVE_ONLY,UPS,1,1,0,1,0,0,0.0,2.9098785196346206,0.6026932856201155,2.9098785196346206,0.6026932856201155,1,1
M2_POSITIVE_ONLY,URI,1,1,1,0,0,0,100.0,1.1729988933972517,0.428347473257099,1.1729988933972517,0.428347473257099,1,1
M2_POSITIVE_ONLY,V,6,6,3,3,0,0,50.0,1.2216464039566466,1.1271350107113618,0.8898731978461049,0.7428869718655836,1,6
M2_POSITIVE_ONLY,VRTX,2,2,2,0,0,0,100.0,1.1238585928136389,0.860773523010122,1.1238585928136389,0.860773523010122,1,2
M2_POSITIVE_ONLY,VZ,4,4,2,2,0,0,50.0,1.0450464581630745,0.5942490888529585,1.149658404647024,0.48175829799345493,1,4
M2_POSITIVE_ONLY,WMT,4,4,2,2,0,0,50.0,1.0469197851832228,1.788041456932916,1.207403634677013,1.2427908069255416,1,4
M2_POSITIVE_ONLY,XOM,7,7,6,1,0,0,85.71428571428571,1.3881244865263198,1.392517576659155,1.409722222222223,1.6062142057797366,1,7
M3_TRIAGE_PREFERRED,AAPL,1,1,0,1,0,0,0.0,0.2865859295553422,0.8042895442359291,0.2865859295553422,0.8042895442359291,1,1
M3_TRIAGE_PREFERRED,ABBV,6,6,3,3,0,0,50.0,1.0330998189583624,0.9753403190433044,1.18363291369432,0.9444122042649048,1,6
M3_TRIAGE_PREFERRED,ABNB,2,2,1,1,0,0,50.0,0.8473471900480013,1.6672070472410567,0.8473471900480013,1.6672070472410567,1,2
M3_TRIAGE_PREFERRED,ADBE,6,6,4,2,0,0,66.66666666666667,2.8199046765738323,0.9613864721813563,2.9990290316667574,0.6230175672048638,1,6
M3_TRIAGE_PREFERRED,AMAT,3,3,1,2,0,0,33.333333333333336,0.699389262527082,3.152638629751665,0.6004454547541983,3.887102140401459,1,3
M3_TRIAGE_PREFERRED,AMD,6,6,2,4,0,0,33.333333333333336,3.0864570796576802,2.2849994074863633,3.32856324709892,1.277663638207375,1,6
M3_TRIAGE_PREFERRED,AMGN,5,5,2,3,0,0,40.0,1.2472148236443377,0.6900393734054378,1.3590679913347568,0.5777635179485435,1,5
M3_TRIAGE_PREFERRED,AMZN,1,1,1,0,0,0,100.0,1.6077974008663836,0.10621459513495311,1.6077974008663836,0.10621459513495311,1,1
M3_TRIAGE_PREFERRED,ANET,1,1,1,0,0,0,100.0,2.186782650718848,1.5295396882928696,2.186782650718848,1.5295396882928696,1,1
M3_TRIAGE_PREFERRED,APP,6,5,2,3,1,0,40.0,3.1767651995321593,1.2625463950017242,3.137426321704349,0.8205118490894783,1,6
M3_TRIAGE_PREFERRED,ARM,5,5,4,1,0,0,80.0,4.8348641411457285,1.0634276833621943,3.7789651253890786,0.49305244285073707,1,5
M3_TRIAGE_PREFERRED,ASML,4,4,3,1,0,0,75.0,1.1086873764973952,2.003937690026774,1.0919801862306615,1.8709151080236956,1,4
M3_TRIAGE_PREFERRED,AVGO,1,1,0,1,0,0,0.0,0.7402758561668175,2.7799569242180047,0.7402758561668175,2.7799569242180047,1,1
M3_TRIAGE_PREFERRED,AXON,3,3,1,2,0,0,33.333333333333336,5.450323355816753,2.0529212861501316,4.478125141383523,1.1301633262453068,1,3
M3_TRIAGE_PREFERRED,AXP,4,4,1,3,0,0,25.0,1.5716030088612731,0.926898941910937,1.378451285818936,0.863953555304966,1,4
M3_TRIAGE_PREFERRED,BA,4,4,1,3,0,0,25.0,0.9952894746673876,2.4420111649647898,0.8162445682042643,1.7411936748980295,1,4
M3_TRIAGE_PREFERRED,BAC,2,2,0,2,0,0,0.0,0.42823546391319023,1.6072033344224959,0.42823546391319023,1.6072033344224959,1,2
M3_TRIAGE_PREFERRED,BKNG,2,2,2,0,0,0,100.0,2.875082467068842,0.44873222890805203,2.875082467068842,0.44873222890805203,1,2
M3_TRIAGE_PREFERRED,BLK,1,1,0,1,0,0,0.0,0.4937061223060516,0.8683625413610245,0.4937061223060516,0.8683625413610245,1,1
M3_TRIAGE_PREFERRED,BMY,5,5,4,1,0,0,80.0,1.1047634788709473,1.3729862236104309,1.0474179928548282,1.2909801257007052,1,5
M3_TRIAGE_PREFERRED,C,4,4,3,1,0,0,75.0,0.7176404939633939,1.6139544520595583,0.5860273679460707,1.881625065934555,1,4
M3_TRIAGE_PREFERRED,CEG,8,8,1,7,0,0,12.5,1.7842428206398022,1.9973834998497746,0.5505626335349671,2.2177343582918034,1,8
M3_TRIAGE_PREFERRED,CMCSA,3,3,2,1,0,0,66.66666666666667,1.4037379945415422,1.0363992893233884,0.5319584254030538,0.6026516673362738,1,3
M3_TRIAGE_PREFERRED,CME,2,2,1,1,0,0,50.0,1.8750422626872183,0.48975092148808974,1.8750422626872183,0.48975092148808974,1,2
M3_TRIAGE_PREFERRED,CMG,4,4,2,2,0,0,50.0,1.3523214406339188,1.2291592595209302,1.5144689371890414,1.0617922278376486,1,4
M3_TRIAGE_PREFERRED,COIN,3,3,2,1,0,0,66.66666666666667,2.477635584328782,1.4863075964693155,2.116168852639702,0.6447701972886517,1,3
M3_TRIAGE_PREFERRED,COP,3,3,1,2,0,0,33.333333333333336,1.949005920247753,0.8789676133131524,1.9295109766717118,0.6920573811815348,1,3
M3_TRIAGE_PREFERRED,COST,3,3,2,1,0,0,66.66666666666667,1.357704022452312,0.21964112437404362,1.0962905067001212,0.10489834116642655,1,3
M3_TRIAGE_PREFERRED,CRM,4,4,3,1,0,0,75.0,2.1946261685763773,1.0127955243221767,2.2335211528744345,1.0805140558142292,1,4
M3_TRIAGE_PREFERRED,CRWD,3,3,1,2,0,0,33.333333333333336,1.9939878392937505,2.3772487884335116,1.575132221757874,2.925451427418535,1,3
M3_TRIAGE_PREFERRED,CSCO,1,1,1,0,0,0,100.0,5.328809482906718,0.03435835767049651,5.328809482906718,0.03435835767049651,1,1
M3_TRIAGE_PREFERRED,CVS,3,3,1,2,0,0,33.333333333333336,0.6459729647238114,1.7714781813434577,0.10169060633023809,1.6009736916019173,1,3
M3_TRIAGE_PREFERRED,CVX,5,5,4,1,0,0,80.0,1.0818382479319504,1.3211267212139444,1.402137679242289,1.3122387427906184,1,5
M3_TRIAGE_PREFERRED,DASH,2,2,2,0,0,0,100.0,2.0522143048169035,1.132182281347293,2.0522143048169035,1.132182281347293,1,2
M3_TRIAGE_PREFERRED,DDOG,7,7,6,1,0,0,85.71428571428571,3.3801008326815425,1.1444730630643265,3.8989945506178514,0.9055952106838618,1,7
M3_TRIAGE_PREFERRED,DE,4,4,1,3,0,0,25.0,2.538088674372348,1.4314420702466482,2.2343645927620646,1.682393967912346,1,4
M3_TRIAGE_PREFERRED,DELL,7,7,4,3,0,0,57.142857142857146,3.4428306357743415,2.0324049082522415,3.0006256316473294,0.7459454256701532,1,7
M3_TRIAGE_PREFERRED,DIS,3,3,2,1,0,0,66.66666666666667,0.9372138407793073,1.1685698809655425,0.5675568656782174,1.2979013594966733,1,3
M3_TRIAGE_PREFERRED,EOG,2,2,1,1,0,0,50.0,1.9449843776220295,0.47121135941870396,1.9449843776220295,0.47121135941870396,1,2
M3_TRIAGE_PREFERRED,ETN,1,1,0,1,0,0,0.0,0.40934264387189706,1.8781603660004844,0.40934264387189706,1.8781603660004844,1,1
M3_TRIAGE_PREFERRED,GE,3,3,2,1,0,0,66.66666666666667,1.1876898891140195,1.4066490644506249,0.5277466815928282,1.6412238747297354,1,3
M3_TRIAGE_PREFERRED,GILD,1,1,0,1,0,0,0.0,0.7554296506137896,0.9611493322541367,0.7554296506137896,0.9611493322541367,1,1
M3_TRIAGE_PREFERRED,GOOG,2,2,2,0,0,0,100.0,2.3510442718737448,1.9092315723738664,2.3510442718737448,1.9092315723738664,1,2
M3_TRIAGE_PREFERRED,GS,5,5,3,2,0,0,60.0,1.731925227024139,1.1911869866223943,1.0654944634901002,1.0905780257244684,1,5
M3_TRIAGE_PREFERRED,HAL,3,3,2,1,0,0,66.66666666666667,0.8378154156213524,1.3758321573181291,0.9288824383164014,0.9724238026124843,1,3
M3_TRIAGE_PREFERRED,HD,5,5,3,2,0,0,60.0,1.3843024993565853,1.0753887809695262,1.5004167824395707,0.532038834951458,1,5
M3_TRIAGE_PREFERRED,HON,3,3,3,0,0,0,100.0,2.5756584091312327,0.2510367399486009,3.4878144482713522,0.23802624498074623,1,3
M3_TRIAGE_PREFERRED,HOOD,3,3,3,0,0,0,100.0,3.6481081073798265,1.2236075415342524,3.2685976046189795,1.3515358361774674,1,3
M3_TRIAGE_PREFERRED,IBM,4,4,3,1,0,0,75.0,1.8983976635543485,1.2941947475502333,1.785440580627836,1.5702230053236048,1,4
M3_TRIAGE_PREFERRED,INTC,5,5,5,0,0,0,100.0,2.234511788922494,3.724604884955099,1.1728367274150089,3.6732675150754193,1,5
M3_TRIAGE_PREFERRED,ISRG,3,3,3,0,0,0,100.0,2.838611352016759,0.9658516606320884,1.3935867947503657,0.24724657226343508,1,3
M3_TRIAGE_PREFERRED,IWM,5,4,3,1,0,1,75.0,0.8400453543125866,1.0124339404804394,0.7233402563918864,0.3679529611892848,1,5
M3_TRIAGE_PREFERRED,JNJ,6,6,3,3,0,0,50.0,0.7424680200631456,1.027142278379895,0.5887640043295452,0.8706749768270396,1,6
M3_TRIAGE_PREFERRED,JPM,3,3,2,1,0,0,66.66666666666667,0.8619457657909648,0.6244123924971429,1.0396151486778895,0.2776289025925748,1,3
M3_TRIAGE_PREFERRED,KLAC,1,1,1,0,0,0,100.0,0.8274610292547422,5.872304078582106,0.8274610292547422,5.872304078582106,1,1
M3_TRIAGE_PREFERRED,LLY,7,7,7,0,0,0,100.0,2.1810752206889767,1.5414763374670122,2.1934352348285535,1.0101346476184159,1,7
M3_TRIAGE_PREFERRED,LMT,1,1,0,1,0,0,0.0,1.786949903127582,1.217651536119566,1.786949903127582,1.217651536119566,1,1
M3_TRIAGE_PREFERRED,LOW,3,3,2,1,0,0,66.66666666666667,1.828622442832322,0.5639209325118735,1.9974834853727557,0.3471167614006211,1,3
M3_TRIAGE_PREFERRED,LRCX,3,3,2,1,0,0,66.66666666666667,1.3398933906186885,4.720576803923584,1.0101909429652585,5.814032900930713,1,3
M3_TRIAGE_PREFERRED,LULU,4,3,3,0,1,0,100.0,3.4958570705627405,0.567522151854339,3.5762512319226407,0.6766970303731127,1,4
M3_TRIAGE_PREFERRED,MA,6,6,3,3,0,0,50.0,1.6926632684172567,0.6247651217059808,1.6045665158032998,0.6323283414786686,1,6
M3_TRIAGE_PREFERRED,MCD,2,2,0,2,0,0,0.0,0.3300795576369787,2.064393413122276,0.3300795576369787,2.064393413122276,1,2
M3_TRIAGE_PREFERRED,META,5,5,3,2,0,0,60.0,2.222837509386336,0.7054699791750523,2.256816651266224,0.6244257664953822,1,5
M3_TRIAGE_PREFERRED,MNDY,9,8,3,5,1,0,37.5,3.150296422901171,1.9500535890033817,2.915492957746469,1.8873239436619764,1,9
M3_TRIAGE_PREFERRED,MRK,2,2,2,0,0,0,100.0,1.94674899823967,0.2683487473198969,1.94674899823967,0.2683487473198969,1,2
M3_TRIAGE_PREFERRED,MRNA,2,1,1,0,1,0,100.0,2.362752156824664,4.6754039585807226,2.362752156824664,4.6754039585807226,1,2
M3_TRIAGE_PREFERRED,MRVL,6,6,5,1,0,0,83.33333333333333,2.1124877284288517,4.089474988539934,2.2870468161590205,3.5468507217779246,1,6
M3_TRIAGE_PREFERRED,MS,3,3,3,0,0,0,100.0,1.1054827740574298,0.47372477713092503,0.8950789812517578,0.3761985594347815,1,3
M3_TRIAGE_PREFERRED,MSFT,2,2,0,2,0,0,0.0,2.229839502919312,0.7534337692742545,2.229839502919312,0.7534337692742545,1,2
M3_TRIAGE_PREFERRED,MU,7,6,4,2,1,0,66.66666666666667,2.317594050666353,3.985624378830823,1.4924998745798537,2.9712955779674104,1,7
M3_TRIAGE_PREFERRED,NEE,4,4,2,2,0,0,50.0,0.6360530669928343,0.9923612248661284,0.6406169011953002,1.100960064750383,1,4
M3_TRIAGE_PREFERRED,NFLX,7,7,2,5,0,0,28.571428571428573,1.9184131696151607,0.7360600843386363,1.1529592621060691,0.5381165919282533,1,7
M3_TRIAGE_PREFERRED,NKE,6,6,3,3,0,0,50.0,0.8180859798868392,1.683005896281849,0.4785474945526085,1.5909072434783043,1,6
M3_TRIAGE_PREFERRED,NOW,6,6,3,3,0,0,50.0,2.5015846732303753,1.9079880777398415,2.1501227673629906,1.5212822238192993,1,6
M3_TRIAGE_PREFERRED,NVDA,4,4,1,3,0,0,25.0,1.1430771018174204,1.478465430001095,1.1765707570981077,1.152360525781772,1,4
M3_TRIAGE_PREFERRED,ORCL,7,7,3,4,0,0,42.857142857142854,2.019828128548163,1.3997463092644924,1.3068783068783063,1.6157434785465559,1,7
M3_TRIAGE_PREFERRED,OXY,9,9,4,5,0,0,44.44444444444444,1.4930137984157605,1.9358192426698568,1.2454152742684863,0.7114905727499086,1,9
M3_TRIAGE_PREFERRED,PANW,1,1,0,1,0,0,0.0,1.9500513171399207,1.6968867601778923,1.9500513171399207,1.6968867601778923,1,1
M3_TRIAGE_PREFERRED,PEP,3,3,3,0,0,0,100.0,0.8679082755658792,1.081284596563285,0.8875872944356789,1.377187054141334,1,3
M3_TRIAGE_PREFERRED,PFE,5,5,4,1,0,0,80.0,1.9859069197798327,0.47223035007137726,2.4500090073860554,0.6018602954586875,1,5
M3_TRIAGE_PREFERRED,PLTR,2,2,1,1,0,0,50.0,0.5356299484107971,1.8301364555160973,0.5356299484107971,1.8301364555160973,1,2
M3_TRIAGE_PREFERRED,PYPL,3,3,2,1,0,0,66.66666666666667,1.4867376936154348,1.3935589764503493,1.4812202433433193,0.9875032771126413,1,3
M3_TRIAGE_PREFERRED,QCOM,3,3,2,1,0,0,66.66666666666667,2.4288507555597048,0.9053892311765709,2.640510843927977,0.8148190761088313,1,3
M3_TRIAGE_PREFERRED,QQQ,1,1,0,1,0,0,0.0,0.22532037741163535,1.298408674834534,0.22532037741163535,1.298408674834534,1,1
M3_TRIAGE_PREFERRED,RBLX,2,2,1,1,0,0,50.0,2.7164456813568205,1.5170703871928506,2.7164456813568205,1.5170703871928506,1,2
M3_TRIAGE_PREFERRED,REGN,2,2,1,1,0,0,50.0,3.383857941751179,0.8187716883191362,3.383857941751179,0.8187716883191362,1,2
M3_TRIAGE_PREFERRED,RTX,2,2,1,1,0,0,50.0,2.5159657451864526,0.36007307069317046,2.5159657451864526,0.36007307069317046,1,2
M3_TRIAGE_PREFERRED,SBUX,4,4,2,2,0,0,50.0,1.6514494885154036,0.9759259677061616,1.7914190561234542,0.925790620325974,1,4
M3_TRIAGE_PREFERRED,SCHW,3,3,3,0,0,0,100.0,2.076146551856626,0.7822156954962182,1.163099474215305,0.9400393010781145,1,3
M3_TRIAGE_PREFERRED,SHOP,5,5,3,2,0,0,60.0,4.778015201669002,0.5665500235405092,4.388556168633536,0.709870876935314,1,5
M3_TRIAGE_PREFERRED,SLB,6,6,1,5,0,0,16.666666666666668,1.2889045953298106,1.1317920267945167,1.3556880636155335,1.0787931787915315,1,6
M3_TRIAGE_PREFERRED,SNOW,5,5,3,2,0,0,60.0,2.318017285781091,2.897106173711431,2.4415925836244594,2.7430903870766916,1,5
M3_TRIAGE_PREFERRED,SPY,1,0,0,0,0,1,,0.24271447829764528,0.4617966222111201,0.24271447829764528,0.4617966222111201,1,1
M3_TRIAGE_PREFERRED,T,2,2,0,2,0,0,0.0,0.5910615295585295,3.366153750837091,0.5910615295585295,3.366153750837091,1,2
M3_TRIAGE_PREFERRED,TEAM,4,4,3,1,0,0,75.0,4.5090744999713985,1.9381824324157926,4.577574494278413,2.233654513045781,1,4
M3_TRIAGE_PREFERRED,TGT,1,1,0,1,0,0,0.0,0.5427068548050359,1.536277865909663,0.5427068548050359,1.536277865909663,1,1
M3_TRIAGE_PREFERRED,TMO,5,5,4,1,0,0,80.0,2.37439406160048,0.6881739589556222,2.5795997892581335,0.3677601060304966,1,5
M3_TRIAGE_PREFERRED,TMUS,1,1,0,1,0,0,0.0,0.8234318872616638,1.9148936170212787,0.8234318872616638,1.9148936170212787,1,1
M3_TRIAGE_PREFERRED,TQQQ,1,1,1,0,0,0,100.0,0.686250084931951,3.9637736960115815,0.686250084931951,3.9637736960115815,1,1
M3_TRIAGE_PREFERRED,TSLA,3,3,1,2,0,0,33.333333333333336,1.2925242285943424,1.2884984652030635,0.9541106370274489,1.2874895819079752,1,3
M3_TRIAGE_PREFERRED,TXN,2,2,2,0,0,0,100.0,2.605874395080218,0.6146971017448863,2.605874395080218,0.6146971017448863,1,2
M3_TRIAGE_PREFERRED,UBER,4,4,2,2,0,0,50.0,1.241005189457318,1.7447811105963968,1.1561592042455313,1.730455374383088,1,4
M3_TRIAGE_PREFERRED,UNH,3,3,2,1,0,0,66.66666666666667,1.2296494160901745,0.9915282987200221,1.33611214206184,0.4571483107463249,1,3
M3_TRIAGE_PREFERRED,UPS,1,1,0,1,0,0,0.0,2.9098785196346206,0.6026932856201155,2.9098785196346206,0.6026932856201155,1,1
M3_TRIAGE_PREFERRED,URI,1,1,1,0,0,0,100.0,1.1729988933972517,0.428347473257099,1.1729988933972517,0.428347473257099,1,1
M3_TRIAGE_PREFERRED,V,6,6,3,3,0,0,50.0,1.2216464039566466,1.1271350107113618,0.8898731978461049,0.7428869718655836,1,6
M3_TRIAGE_PREFERRED,VRTX,2,2,2,0,0,0,100.0,1.1238585928136389,0.860773523010122,1.1238585928136389,0.860773523010122,1,2
M3_TRIAGE_PREFERRED,VZ,4,4,2,2,0,0,50.0,1.0450464581630745,0.5942490888529585,1.149658404647024,0.48175829799345493,1,4
M3_TRIAGE_PREFERRED,WMT,4,4,2,2,0,0,50.0,1.0469197851832228,1.788041456932916,1.207403634677013,1.2427908069255416,1,4
M3_TRIAGE_PREFERRED,XOM,7,7,6,1,0,0,85.71428571428571,1.3881244865263198,1.392517576659155,1.409722222222223,1.6062142057797366,1,7
M4_TRIAGE_STANDARD_PLUS,AAPL,26,26,14,12,0,0,53.84615384615385,1.1332729296483182,0.8818119925171216,0.8600756158304386,0.7852546971093732,1,26
M4_TRIAGE_STANDARD_PLUS,ABBV,26,25,12,13,1,0,48.0,1.1144523991122208,1.1970947936214598,0.9770268955672431,1.0365345159267978,1,26
M4_TRIAGE_STANDARD_PLUS,ABNB,19,19,8,11,0,0,42.10526315789474,1.1220872636652646,1.6412761475977367,1.0835150918173446,1.3521501403871823,1,19
M4_TRIAGE_STANDARD_PLUS,ADBE,29,29,12,17,0,0,41.37931034482759,1.917362260715409,1.3443530813190814,1.6078713702903809,1.151461470327721,1,29
M4_TRIAGE_STANDARD_PLUS,AMAT,32,31,17,14,1,0,54.83870967741935,2.9445986642981476,1.9386778014392045,2.1681413189039476,1.675757568156123,1,32
M4_TRIAGE_STANDARD_PLUS,AMD,33,33,15,18,0,0,45.45454545454545,2.622936672044704,2.1031960718929845,2.436823104693135,1.5108225108225146,1,33
M4_TRIAGE_STANDARD_PLUS,AMGN,25,25,12,13,0,0,48.0,1.169196422363383,1.1766983842637393,0.8177231340253995,1.0540217915830588,1,25
M4_TRIAGE_STANDARD_PLUS,AMZN,33,33,15,18,0,0,45.45454545454545,0.9557947639806389,1.3418579106571125,0.7478790166035387,0.8446087940510832,1,33
M4_TRIAGE_STANDARD_PLUS,ANET,29,29,19,10,0,0,65.51724137931035,2.3912441080287543,1.850077483736493,2.097681923727818,1.5295396882928696,1,29
M4_TRIAGE_STANDARD_PLUS,APP,46,43,23,20,3,0,53.48837209302326,3.2316600673411986,1.9789454896576806,3.0168247666192807,1.3396851588223921,1,46
M4_TRIAGE_STANDARD_PLUS,ARM,36,31,18,13,5,0,58.064516129032256,3.6150009354204165,2.634827812506761,2.5511368300601864,1.8027327382307172,1,36
M4_TRIAGE_STANDARD_PLUS,ASML,28,28,15,13,0,0,53.57142857142857,2.077458670816095,1.1497622707550477,2.0480399034361785,0.9096607333256539,1,28
M4_TRIAGE_STANDARD_PLUS,AVGO,24,23,5,18,1,0,21.73913043478261,1.1236862012101214,1.9418723662634791,0.7361940818521548,1.4700232638153592,1,24
M4_TRIAGE_STANDARD_PLUS,AXON,18,18,8,10,0,0,44.44444444444444,2.5647773848346054,3.3846129008188695,2.08548910252932,4.0156510783770365,1,18
M4_TRIAGE_STANDARD_PLUS,AXP,19,19,9,10,0,0,47.36842105263158,1.1392782032313573,1.0184871555516586,0.8084841740041145,0.8907863442305665,1,19
M4_TRIAGE_STANDARD_PLUS,BA,34,34,16,18,0,0,47.05882352941177,1.585020699968185,1.166796514723795,1.56311048164547,0.6480865554639128,1,34
M4_TRIAGE_STANDARD_PLUS,BAC,24,24,10,14,0,0,41.666666666666664,0.6485615817528984,1.412185036365716,0.42823546391319023,1.4261150310621336,1,24
M4_TRIAGE_STANDARD_PLUS,BKNG,24,23,11,12,1,0,47.82608695652174,1.3943741751271006,1.9896652557474586,0.7974835651056302,1.5928777676665566,1,24
M4_TRIAGE_STANDARD_PLUS,BLK,14,14,8,6,0,0,57.142857142857146,1.9928414585728305,1.2519115739402518,1.3848159089830205,0.9188413168454325,1,14
M4_TRIAGE_STANDARD_PLUS,BMY,29,28,15,13,1,0,53.57142857142857,1.193088120613606,1.295730262355217,0.8113590263691631,1.1257485029940162,1,29
M4_TRIAGE_STANDARD_PLUS,C,39,39,26,13,0,0,66.66666666666667,1.2725608883145219,1.5202621267449654,0.8651820643996219,1.2656309208033467,1,39
M4_TRIAGE_STANDARD_PLUS,CAT,24,24,12,12,0,0,50.0,1.297561181673469,1.6520286021358228,1.0622410979976513,1.3910550310466634,1,24
M4_TRIAGE_STANDARD_PLUS,CEG,26,25,11,14,1,0,44.0,1.7505069135134168,1.6338388471301788,1.3334265516742536,1.2895885845710775,1,26
M4_TRIAGE_STANDARD_PLUS,CMCSA,19,19,9,10,0,0,47.36842105263158,1.0039994690982936,1.3844939870118338,0.7381974248927033,1.1603878556668321,1,19
M4_TRIAGE_STANDARD_PLUS,CME,25,25,8,17,0,0,32.0,0.9071202367964011,1.4462521362754452,0.5726031419762158,1.1659192825112081,1,25
M4_TRIAGE_STANDARD_PLUS,CMG,26,25,12,13,1,0,48.0,1.9600789293970218,1.348729301926728,1.5042213642897997,1.185228029248478,1,26
M4_TRIAGE_STANDARD_PLUS,COIN,34,33,17,16,1,0,51.515151515151516,2.710835207540517,3.1104181984661845,1.8877422874808603,2.690612972921303,1,34
M4_TRIAGE_STANDARD_PLUS,COP,22,22,12,10,0,0,54.54545454545455,1.4466869436746697,0.7765457757385971,1.3100553418754928,0.6844000982675387,1,22
M4_TRIAGE_STANDARD_PLUS,COST,35,35,18,17,0,0,51.42857142857143,0.7998929387983934,0.8793338351014623,0.6593705914270208,0.715734600145033,1,35
M4_TRIAGE_STANDARD_PLUS,CRM,27,27,15,12,0,0,55.55555555555556,2.0568396919391683,1.7164680534898606,1.494827207876111,1.1060680980160795,1,27
M4_TRIAGE_STANDARD_PLUS,CRWD,25,25,11,14,0,0,44.0,2.528843263064864,1.9374064829654534,2.2207394497697006,1.76488665964325,1,25
M4_TRIAGE_STANDARD_PLUS,CSCO,22,22,8,14,0,0,36.36363636363637,1.3196985281277607,1.2242577435506201,0.9150995003432596,0.7945401403143642,1,22
M4_TRIAGE_STANDARD_PLUS,CVS,28,27,13,14,1,0,48.148148148148145,1.375655625367184,1.2535834847636143,1.051320938576035,0.7882202317607523,1,28
M4_TRIAGE_STANDARD_PLUS,CVX,32,32,14,18,0,0,43.75,0.8159352365741535,1.0673686748674838,0.6672251598881854,0.8784010575079217,1,32
M4_TRIAGE_STANDARD_PLUS,DASH,28,27,12,15,1,0,44.44444444444444,2.144121318935805,2.3826102502874944,1.590209232987156,1.8356408870643617,1,28
M4_TRIAGE_STANDARD_PLUS,DDOG,31,29,21,8,2,0,72.41379310344827,2.923501334359806,2.2847893355216473,2.82985896069408,1.6892496866232933,1,31
M4_TRIAGE_STANDARD_PLUS,DE,20,20,7,13,0,0,35.0,1.8371749284341554,1.036532486704401,1.6451882626371868,0.7433911898872535,1,20
M4_TRIAGE_STANDARD_PLUS,DELL,35,34,18,16,1,0,52.94117647058823,3.6934287069750122,2.078854149659808,2.805996375816821,1.6335466487032773,1,35
M4_TRIAGE_STANDARD_PLUS,DIS,34,34,17,17,0,0,50.0,0.9573383868782471,0.9236702488448503,0.7559054064446882,0.6869896712731789,1,34
M4_TRIAGE_STANDARD_PLUS,EOG,14,14,8,6,0,0,57.142857142857146,1.0067782019301197,1.6684389428351467,0.906966266567946,1.4736150143079452,1,14
M4_TRIAGE_STANDARD_PLUS,ETN,19,19,10,9,0,0,52.63157894736842,1.6494705939170118,1.3530849067812045,1.4942980731419553,0.9974691082328376,1,19
M4_TRIAGE_STANDARD_PLUS,FDX,19,19,13,6,0,0,68.42105263157895,1.5329830351367826,0.8997134321104621,1.2284716367577937,0.5578678465982787,1,19
M4_TRIAGE_STANDARD_PLUS,GE,28,28,12,16,0,0,42.857142857142854,1.2540386046564862,1.5279119189114767,0.8176289403703743,1.469397433473461,1,28
M4_TRIAGE_STANDARD_PLUS,GILD,21,21,12,9,0,0,57.142857142857146,1.3135570147845863,0.9124499503714818,1.0869565217391304,0.852018827828647,1,21
M4_TRIAGE_STANDARD_PLUS,GOOG,26,26,14,12,0,0,53.84615384615385,1.2887028935379459,1.1681621607914023,0.8788319133792888,0.8723610333422346,1,26
M4_TRIAGE_STANDARD_PLUS,GS,35,35,16,19,0,0,45.714285714285715,1.3583571248098572,1.5597308049970293,0.9731834762890708,1.292449562215552,1,35
M4_TRIAGE_STANDARD_PLUS,HAL,28,27,17,10,1,0,62.96296296296296,1.1211913498248396,1.6037455872663888,1.045995923219101,1.288298597499987,1,28
M4_TRIAGE_STANDARD_PLUS,HD,32,32,15,17,0,0,46.875,1.2232849937600445,1.0538661334929686,1.0046095220917675,0.694138169967766,1,32
M4_TRIAGE_STANDARD_PLUS,HON,20,20,14,6,0,0,70.0,1.6233101009166906,0.9716401864832118,1.2950886707858387,0.6575170782340019,1,20
M4_TRIAGE_STANDARD_PLUS,HOOD,35,33,23,10,2,0,69.6969696969697,3.1118855815940782,2.146961137101962,3.0723955267804506,1.3515358361774674,1,35
M4_TRIAGE_STANDARD_PLUS,IBM,25,25,15,10,0,0,60.0,2.0740232006335924,1.243144984343861,1.5960905999739927,1.092533616418966,1,25
M4_TRIAGE_STANDARD_PLUS,INTC,35,35,18,17,0,0,51.42857142857143,3.020378337005436,2.883317613335494,2.2122176511682015,2.474916387959865,1,35
M4_TRIAGE_STANDARD_PLUS,ISRG,20,20,10,10,0,0,50.0,1.6761922087426075,1.1281748420608182,1.2883216675748463,0.632438140804827,1,20
M4_TRIAGE_STANDARD_PLUS,IWM,38,36,18,18,0,2,50.0,0.7875364472828948,0.7766663234984078,0.5952298293338187,0.6153335658532211,1,38
M4_TRIAGE_STANDARD_PLUS,JNJ,27,27,13,14,0,0,48.148148148148145,0.8389340630875791,0.961161019316158,0.5735433742176602,0.8427579581677561,1,27
M4_TRIAGE_STANDARD_PLUS,JPM,30,30,18,12,0,0,60.0,0.8287966082378143,1.1625969339173416,0.8226969835088391,0.6521510041862558,1,30
M4_TRIAGE_STANDARD_PLUS,KLAC,23,23,14,9,0,0,60.869565217391305,2.7107584768685737,2.5874724279535486,1.5475021972452718,1.8951978254303767,1,23
M4_TRIAGE_STANDARD_PLUS,LLY,38,37,22,15,1,0,59.45945945945946,1.4237278544073833,1.6816704529603286,1.0991504309035673,1.3085952952711981,1,38
M4_TRIAGE_STANDARD_PLUS,LMT,20,20,11,9,0,0,55.0,1.6518754977032823,1.0939159187358165,1.3418096655776788,1.1214750452439466,1,20
M4_TRIAGE_STANDARD_PLUS,LOW,14,14,10,4,0,0,71.42857142857143,1.318705998701073,0.8533675700992214,1.3146982601877744,0.6495036841927713,1,14
M4_TRIAGE_STANDARD_PLUS,LRCX,32,32,16,16,0,0,50.0,2.555791925702426,2.416788639428861,1.977575994043454,2.0293344957153128,1,32
M4_TRIAGE_STANDARD_PLUS,LULU,30,29,18,11,1,0,62.06896551724138,2.1296310708645434,1.8531646171150848,1.8254009735142778,1.0220630335578764,1,30
M4_TRIAGE_STANDARD_PLUS,MA,25,25,10,15,0,0,40.0,0.9400213807899805,1.0237597574667496,0.7271465062256776,0.8562251306390588,1,25
M4_TRIAGE_STANDARD_PLUS,MCD,30,30,11,19,0,0,36.666666666666664,0.7191123529872454,0.9368490073459347,0.6356457231288345,0.6447235682465358,1,30
M4_TRIAGE_STANDARD_PLUS,META,41,41,22,19,0,0,53.65853658536585,1.3204255815506651,1.1944555072696772,1.1424017003188192,1.0224715436548026,1,41
M4_TRIAGE_STANDARD_PLUS,MNDY,25,22,9,13,3,0,40.90909090909091,2.918831149854296,2.8448701012550357,2.8958210712183563,2.001177163037084,1,25
M4_TRIAGE_STANDARD_PLUS,MRK,22,22,11,11,0,0,50.0,0.9865197899724065,1.0532105099238565,1.1400050882330204,0.7454857303748543,1,22
M4_TRIAGE_STANDARD_PLUS,MRNA,31,29,19,10,2,0,65.51724137931035,3.364479661993831,2.921712785844333,3.3092037228541913,2.286813421671298,1,31
M4_TRIAGE_STANDARD_PLUS,MRVL,30,28,18,10,2,0,64.28571428571429,3.8502717709505823,2.3265220581850445,2.819962911413569,1.9033248187152072,1,30
M4_TRIAGE_STANDARD_PLUS,MS,21,21,13,8,0,0,61.904761904761905,1.085860504022415,1.2444770647022827,0.7986037656018568,0.8375301072914392,1,21
M4_TRIAGE_STANDARD_PLUS,MSFT,29,29,8,21,0,0,27.586206896551722,1.0722976173885048,1.1598730359576062,0.8776180477036535,0.9650938350271002,1,29
M4_TRIAGE_STANDARD_PLUS,MU,34,31,16,15,3,0,51.61290322580645,3.4991632240767343,2.5929235140023392,2.5431613096241286,1.9325917581512284,1,34
M4_TRIAGE_STANDARD_PLUS,NEE,21,21,9,12,0,0,42.857142857142854,0.6927902059703667,0.9659823328241909,0.6076186024772097,0.6241313792671169,1,21
M4_TRIAGE_STANDARD_PLUS,NFLX,40,39,17,22,1,0,43.58974358974359,1.398957449950298,1.3026086519231577,1.1017875056809663,0.9839814996470211,1,40
M4_TRIAGE_STANDARD_PLUS,NKE,32,30,15,15,2,0,50.0,1.1053952542733283,1.58382821703621,0.8531312682273006,1.5046542772283873,1,32
M4_TRIAGE_STANDARD_PLUS,NOW,30,29,17,12,1,0,58.62068965517241,2.3175493173635835,1.9452411267558607,2.2507140977608135,1.4411029507318154,1,30
M4_TRIAGE_STANDARD_PLUS,NVDA,40,40,24,16,0,0,60.0,1.836642213820032,1.1195726318674972,1.4180798514914297,0.9496197159314602,1,40
M4_TRIAGE_STANDARD_PLUS,ORCL,38,36,23,13,2,0,63.888888888888886,2.675979714893032,1.83827210880806,2.2515063654361547,1.3902865398737823,1,38
M4_TRIAGE_STANDARD_PLUS,OXY,40,40,15,25,0,0,37.5,1.0959474476841722,1.4424182079257561,0.8455404679263381,1.0204874557785342,1,40
M4_TRIAGE_STANDARD_PLUS,PANW,22,22,10,12,0,0,45.45454545454545,1.8509840910070088,1.9082184495147887,1.809142016801427,1.5954944941125357,1,22
M4_TRIAGE_STANDARD_PLUS,PEP,24,23,10,13,0,1,43.47826086956522,0.8054389692396255,1.028302151249622,0.5545976790278111,0.9963925259170077,1,24
M4_TRIAGE_STANDARD_PLUS,PFE,30,30,15,15,0,0,50.0,0.9654976043912129,0.8766318812962125,0.6881649577319922,0.7823346878087206,1,30
M4_TRIAGE_STANDARD_PLUS,PLTR,26,26,14,12,0,0,53.84615384615385,2.4153259203616386,1.6899317175006408,2.0883056725581532,1.5844570814589773,1,26
M4_TRIAGE_STANDARD_PLUS,PYPL,29,29,17,12,0,0,58.62068965517241,1.6047208847005583,1.5657238820885404,1.1673850574712619,1.0506465517241395,1,29
M4_TRIAGE_STANDARD_PLUS,QCOM,33,30,17,13,3,0,56.666666666666664,2.5992710913876755,1.7957958497692628,2.407506702412874,1.2283683559950582,1,33
M4_TRIAGE_STANDARD_PLUS,QQQ,49,47,22,25,0,2,46.808510638297875,0.7070633070769538,0.6762632532493262,0.5545788391178377,0.6086274045225035,1,49
M4_TRIAGE_STANDARD_PLUS,RBLX,21,21,8,13,0,0,38.095238095238095,2.139165678865711,2.3078996784835146,1.7010358262852858,2.2228102672664627,1,21
M4_TRIAGE_STANDARD_PLUS,REGN,17,17,7,10,0,0,41.1764705882353,1.6138886330528162,1.1740007708588582,1.373570386311569,1.4666746404329674,1,17
M4_TRIAGE_STANDARD_PLUS,RTX,27,27,20,7,0,0,74.07407407407408,1.5476824536757,0.8631912324139057,1.267580399534181,0.49387232485823307,1,27
M4_TRIAGE_STANDARD_PLUS,SBUX,24,24,13,11,0,0,54.166666666666664,1.1723580565922853,1.2900474295816864,0.9753488796067343,1.0968174735573815,1,24
M4_TRIAGE_STANDARD_PLUS,SCHW,22,22,15,7,0,0,68.18181818181819,1.3114347438920333,0.862162702961368,1.1363347579120955,0.7111054951234408,1,22
M4_TRIAGE_STANDARD_PLUS,SHOP,26,24,11,13,2,0,45.833333333333336,3.6703134197873144,1.5384653023774268,2.867321607191224,1.4254317393858948,1,26
M4_TRIAGE_STANDARD_PLUS,SLB,25,25,12,13,0,0,48.0,1.6216520915914772,1.0189535802690246,1.593750000000001,0.7637017070979284,1,25
M4_TRIAGE_STANDARD_PLUS,SNOW,26,25,14,11,1,0,56.0,2.1049169095168527,2.6614601363247896,1.7613334114547259,2.40534283388736,1,26
M4_TRIAGE_STANDARD_PLUS,SPY,46,39,18,21,0,7,46.15384615384615,0.5675075757601821,0.5526690482549687,0.48000894216035556,0.4937616191750106,1,46
M4_TRIAGE_STANDARD_PLUS,T,30,30,12,18,0,0,40.0,1.3443026826432496,1.4986422289597363,1.2176863829574263,1.0981481738575787,1,30
M4_TRIAGE_STANDARD_PLUS,TEAM,31,28,15,13,3,0,53.57142857142857,3.278515331435413,2.8814627401500164,2.89129923771784,2.979571499750867,1,31
M4_TRIAGE_STANDARD_PLUS,TGT,20,19,11,8,1,0,57.89473684210526,1.454604568821708,1.1710095142227501,1.159813650431667,0.9479183532563673,1,20
M4_TRIAGE_STANDARD_PLUS,TMO,22,22,14,8,0,0,63.63636363636363,1.625725587343413,1.2328424736231045,1.5904306123584209,1.1839031072543835,1,22
M4_TRIAGE_STANDARD_PLUS,TMUS,19,19,8,11,0,0,42.10526315789474,1.0396973285537099,1.47688102636363,0.6135986733001734,1.4187253848907928,1,19
M4_TRIAGE_STANDARD_PLUS,TQQQ,49,49,28,21,0,0,57.142857142857146,2.4770539959114743,2.148718654338636,2.09650367694491,1.8868999186330253,1,49
M4_TRIAGE_STANDARD_PLUS,TSLA,40,40,18,22,0,0,45.0,1.5995622012203667,1.4406302441414933,1.2429922320326752,1.0673882051511825,1,40
M4_TRIAGE_STANDARD_PLUS,TXN,33,33,18,15,0,0,54.54545454545455,1.5096877391907715,1.2912902493228275,1.0682720635327165,1.0645315378841314,1,33
M4_TRIAGE_STANDARD_PLUS,UBER,27,27,12,15,0,0,44.44444444444444,1.045146619655227,1.7076391461176603,0.7593265103994755,1.7295813315030761,1,27
M4_TRIAGE_STANDARD_PLUS,UNH,32,32,19,13,0,0,59.375,1.0817860054913315,1.2981418618547407,1.1222374958610442,1.0699368645011011,1,32
M4_TRIAGE_STANDARD_PLUS,UPS,29,29,14,15,0,0,48.275862068965516,1.3905530445054342,0.9615722322011304,0.8630835995994066,0.8398707891093778,1,29
M4_TRIAGE_STANDARD_PLUS,URI,10,9,4,5,1,0,44.44444444444444,1.1095987895169008,1.7647908455346368,0.8736276797164578,1.582940126908031,1,10
M4_TRIAGE_STANDARD_PLUS,V,32,32,20,12,0,0,62.5,1.132360894621794,0.8234159738573488,0.9983245932613253,0.707486935285319,1,32
M4_TRIAGE_STANDARD_PLUS,VRTX,15,15,9,6,0,0,60.0,1.0937776717451195,1.4070349978285366,0.7794250294886335,1.102760480041998,1,15
M4_TRIAGE_STANDARD_PLUS,VZ,35,35,12,23,0,0,34.285714285714285,1.1956792107243126,1.0642453043488114,0.8572834645669244,0.8775510204081627,1,35
M4_TRIAGE_STANDARD_PLUS,WMT,29,29,13,16,0,0,44.827586206896555,1.0854450354278296,0.9932696258041913,0.8851574668540758,0.7492920932258762,1,29
M4_TRIAGE_STANDARD_PLUS,XOM,38,38,18,20,0,0,47.36842105263158,0.9879067171844691,1.3245310008602968,0.6460019847392409,1.4400450507908735,1,38
