candidate_id,sample_version,set_code,position_in_set,symbol,trade_date,source_sparse_symbol,selection_rank,selection_hash,selection_basis
SET_1_01_LLY_2025-04-11,PMPD_V4_PARITY_SAMPLE_CANDIDATES_V1,SET_1,10,LLY,2025-04-11,False,1,00034accc4044b5f69cdfdf3d3bfe7a8b1db92b022a3fa4572126a96fc72a5cd,Protocol-hash deterministic symbol/date selection; no PMPD Python signal output used.
SET_1_02_NVDA_2025-12-04,PMPD_V4_PARITY_SAMPLE_CANDIDATES_V1,SET_1,16,NVDA,2025-12-04,False,2,000c4bebfcfd2cd01627a26db95229fb044c94995e3936df4d405fc140870052,Protocol-hash deterministic symbol/date selection; no PMPD Python signal output used.
SET_1_03_BAC_2025-01-22,PMPD_V4_PARITY_SAMPLE_CANDIDATES_V1,SET_1,9,BAC,2025-01-22,False,3,0011a36e83d25b34b5bd88242c24ade03f1b20456350b7242f843164c47d3b4c,Protocol-hash deterministic symbol/date selection; no PMPD Python signal output used.
SET_1_04_TEAM_2025-12-30,PMPD_V4_PARITY_SAMPLE_CANDIDATES_V1,SET_1,5,TEAM,2025-12-30,False,4,0019b854cb2b96dc119523896573dbe29dcbaa77fdb54b99afb3453f1045bf03,Protocol-hash deterministic symbol/date selection; no PMPD Python signal output used.
SET_1_05_TSLA_2025-07-21,PMPD_V4_PARITY_SAMPLE_CANDIDATES_V1,SET_1,17,TSLA,2025-07-21,False,5,00263fd1f1d151f0621b78cb0f12d21af4d4c80c5adccf33d2f183cf763dea0f,Protocol-hash deterministic symbol/date selection; no PMPD Python signal output used.
SET_1_06_CVX_2025-08-25,PMPD_V4_PARITY_SAMPLE_CANDIDATES_V1,SET_1,12,CVX,2025-08-25,False,6,003e1b2aba49bdcdd3697307422b39532af4fba4b2c7bc17cba628d444718c4c,Protocol-hash deterministic symbol/date selection; no PMPD Python signal output used.
SET_1_07_MSFT_2025-03-10,PMPD_V4_PARITY_SAMPLE_CANDIDATES_V1,SET_1,1,MSFT,2025-03-10,False,7,0040e5fdc080b68fa978af9c2d68a608b8444754d0b0b4b948f8a1dedffd1b0e,Protocol-hash deterministic symbol/date selection; no PMPD Python signal output used.
SET_1_08_PLTR_2025-12-18,PMPD_V4_PARITY_SAMPLE_CANDIDATES_V1,SET_1,4,PLTR,2025-12-18,False,8,00442e3b2adc0a31afd5ffc247b52f9a9ee0ef33dc96114381cd2c53dbe3130f,Protocol-hash deterministic symbol/date selection; no PMPD Python signal output used.
SET_1_09_AAPL_2025-10-24,PMPD_V4_PARITY_SAMPLE_CANDIDATES_V1,SET_1,7,AAPL,2025-10-24,False,9,0050095a85bbc11eff362bbe418e7c143aeea22d41df28b06b27b666cfd380d2,Protocol-hash deterministic symbol/date selection; no PMPD Python signal output used.
SET_1_10_DELL_2025-02-19,PMPD_V4_PARITY_SAMPLE_CANDIDATES_V1,SET_1,22,DELL,2025-02-19,False,10,00530d6ac35dd4de8fafb212eebd2efc3d3c821b85caac4e181d238d8a0d7d9c,Protocol-hash deterministic symbol/date selection; no PMPD Python signal output used.
SET_1_11_QQQ_2025-02-07,PMPD_V4_PARITY_SAMPLE_CANDIDATES_V1,SET_1,26,QQQ,2025-02-07,False,11,0067b61e53fa96fc5821b21de025900e3994076de4d1fe94a2ffc0bc304d5033,Protocol-hash deterministic symbol/date selection; no PMPD Python signal output used.
SET_1_12_SPY_2025-04-30,PMPD_V4_PARITY_SAMPLE_CANDIDATES_V1,SET_1,25,SPY,2025-04-30,False,12,00725c808b0f75a2659fada8dda2d293052388644f3e9a4bc169878a2723eae8,Protocol-hash deterministic symbol/date selection; no PMPD Python signal output used.
SET_2_01_RTX_2025-04-14,PMPD_V4_PARITY_SAMPLE_CANDIDATES_V1,SET_2,15,RTX,2025-04-14,False,1,000bbc118d50941adf8e4412419afbf99d87596af5d5f55f4a7c4c0cf2cebdee,Protocol-hash deterministic symbol/date selection; no PMPD Python signal output used.
SET_2_02_HD_2025-03-11,PMPD_V4_PARITY_SAMPLE_CANDIDATES_V1,SET_2,18,HD,2025-03-11,False,2,00246385a3ef75a52eca661eb7451134193b9d653e45d591a13c581c149b3de0,Protocol-hash deterministic symbol/date selection; no PMPD Python signal output used.
SET_2_03_BA_2025-01-06,PMPD_V4_PARITY_SAMPLE_CANDIDATES_V1,SET_2,13,BA,2025-01-06,False,3,002b3f9acfdb2a40810f96f7412fa604a278d53f72db22f0431b555e27913119,Protocol-hash deterministic symbol/date selection; no PMPD Python signal output used.
SET_2_04_WMT_2025-06-05,PMPD_V4_PARITY_SAMPLE_CANDIDATES_V1,SET_2,16,WMT,2025-06-05,False,4,002c9f90404967a6de80aae4b47c174b905841844c8b03809b0f8c080dc7327f,Protocol-hash deterministic symbol/date selection; no PMPD Python signal output used.
SET_2_05_V_2025-03-07,PMPD_V4_PARITY_SAMPLE_CANDIDATES_V1,SET_2,8,V,2025-03-07,False,5,0036aacc29df668967f4c22f1abf3d19fa6579b2d1af2d0cf893cf2df36897c5,Protocol-hash deterministic symbol/date selection; no PMPD Python signal output used.
SET_2_06_UNH_2025-06-05,PMPD_V4_PARITY_SAMPLE_CANDIDATES_V1,SET_2,24,UNH,2025-06-05,False,6,003f757d7fb49fc095e2bc5e0975f2c9cb52aa225d3494f9562ec60b3ad5ae4b,Protocol-hash deterministic symbol/date selection; no PMPD Python signal output used.
SET_2_07_CMCSA_2025-06-16,PMPD_V4_PARITY_SAMPLE_CANDIDATES_V1,SET_2,3,CMCSA,2025-06-16,False,7,00444954b72394a5d0ab37e651624ca8a76e5a654c61557d7a12748eac872a63,Protocol-hash deterministic symbol/date selection; no PMPD Python signal output used.
SET_2_08_DDOG_2025-06-13,PMPD_V4_PARITY_SAMPLE_CANDIDATES_V1,SET_2,27,DDOG,2025-06-13,False,8,004e70b7c5ff64f53c34b3c284edbfbae7fd18d7da586960d412f362f88ae751,Protocol-hash deterministic symbol/date selection; no PMPD Python signal output used.
SET_2_09_MNDY_2025-03-11,PMPD_V4_PARITY_SAMPLE_CANDIDATES_V1,SET_2,28,MNDY,2025-03-11,True,9,005e56494e11c38254423489520a916f062d174b522ff51cd41f00f318bcf3ab,Protocol-hash deterministic symbol/date selection; no PMPD Python signal output used.
SET_2_10_MU_2025-09-24,PMPD_V4_PARITY_SAMPLE_CANDIDATES_V1,SET_2,22,MU,2025-09-24,False,10,00714973ba304f8b077bc120924a31c324737c761c6abe69be6b01495981772c,Protocol-hash deterministic symbol/date selection; no PMPD Python signal output used.
SET_2_11_GS_2025-05-12,PMPD_V4_PARITY_SAMPLE_CANDIDATES_V1,SET_2,7,GS,2025-05-12,False,11,00753411fc6a0a9dfae4662c5c999792164f31cc17b5eddb196e5771c089fd2d,Protocol-hash deterministic symbol/date selection; no PMPD Python signal output used.
SET_2_12_ABBV_2025-01-13,PMPD_V4_PARITY_SAMPLE_CANDIDATES_V1,SET_2,25,ABBV,2025-01-13,False,12,00780a6e926d05d65e1877e2d5a27ae51102f7d4af27be81b66f13ffd8507518,Protocol-hash deterministic symbol/date selection; no PMPD Python signal output used.
SET_3_01_NKE_2025-02-11,PMPD_V4_PARITY_SAMPLE_CANDIDATES_V1,SET_3,20,NKE,2025-02-11,False,1,000106d349b5ae168961e4cd20df17bae9fef4ba729de5979c480f5289e4a8b0,Protocol-hash deterministic symbol/date selection; no PMPD Python signal output used.
SET_3_02_SCHW_2025-01-24,PMPD_V4_PARITY_SAMPLE_CANDIDATES_V1,SET_3,10,SCHW,2025-01-24,False,2,000140325685d26a733d56bf9e0ba8a742d0cd4042bf0868e59054d23de2f925,Protocol-hash deterministic symbol/date selection; no PMPD Python signal output used.
SET_3_03_TGT_2025-05-28,PMPD_V4_PARITY_SAMPLE_CANDIDATES_V1,SET_3,17,TGT,2025-05-28,False,3,001881f838f52d70ecf6139c5738e5e9e8c3c3781830ebbc3766878887acc756,Protocol-hash deterministic symbol/date selection; no PMPD Python signal output used.
SET_3_04_HON_2025-10-29,PMPD_V4_PARITY_SAMPLE_CANDIDATES_V1,SET_3,14,HON,2025-10-29,False,4,00309615144641cd90907b849e95747020b5fff5d16984ccd27685fdebfbae7c,Protocol-hash deterministic symbol/date selection; no PMPD Python signal output used.
SET_3_05_LMT_2025-01-07,PMPD_V4_PARITY_SAMPLE_CANDIDATES_V1,SET_3,15,LMT,2025-01-07,False,5,00389a6acd69b6a98fb5b7cf047e42ea86acac71a09e584a11543b223dcd9ab9,Protocol-hash deterministic symbol/date selection; no PMPD Python signal output used.
SET_3_06_PFE_2025-04-30,PMPD_V4_PARITY_SAMPLE_CANDIDATES_V1,SET_3,23,PFE,2025-04-30,False,6,003f51e738ce19e9689fdeeb8085b5b383576625d8e7c7f8e96d50d3b2c76b64,Protocol-hash deterministic symbol/date selection; no PMPD Python signal output used.
SET_3_07_BKNG_2025-04-08,PMPD_V4_PARITY_SAMPLE_CANDIDATES_V1,SET_3,28,BKNG,2025-04-08,True,7,003fa05a8219e1500daf3ccb150646d5c92c5b43c37408e24f24a5118cf04bb5,Protocol-hash deterministic symbol/date selection; no PMPD Python signal output used.
SET_3_08_GILD_2025-09-10,PMPD_V4_PARITY_SAMPLE_CANDIDATES_V1,SET_3,24,GILD,2025-09-10,False,8,0055c8a84b920449254b10bfc5263e4f234f7bedd1154aa681f4a12896faac31,Protocol-hash deterministic symbol/date selection; no PMPD Python signal output used.
SET_3_09_DE_2025-05-09,PMPD_V4_PARITY_SAMPLE_CANDIDATES_V1,SET_3,13,DE,2025-05-09,False,9,00692e33b2962578177897850b1f38d836f535f7bc71e023b8e0bcab6ce516c4,Protocol-hash deterministic symbol/date selection; no PMPD Python signal output used.
SET_3_10_SBUX_2025-09-10,PMPD_V4_PARITY_SAMPLE_CANDIDATES_V1,SET_3,19,SBUX,2025-09-10,False,10,00739d4c5bf2940e0133e4ce207d1a1d13f2daefa10bafc3671add6801cbaafe,Protocol-hash deterministic symbol/date selection; no PMPD Python signal output used.
SET_3_11_FDX_2025-09-26,PMPD_V4_PARITY_SAMPLE_CANDIDATES_V1,SET_3,16,FDX,2025-09-26,False,11,0075ca94734639fc591b9e7fb9a59428911a5dc53caddc974b77957456e0b5e6,Protocol-hash deterministic symbol/date selection; no PMPD Python signal output used.
SET_3_12_ISRG_2025-04-25,PMPD_V4_PARITY_SAMPLE_CANDIDATES_V1,SET_3,25,ISRG,2025-04-25,False,12,0096d28817dd2c62f3924327feec766d053dc00783f8a0e816f774beec4b82e3,Protocol-hash deterministic symbol/date selection; no PMPD Python signal output used.
SET_4_01_SHOP_2025-08-08,PMPD_V4_PARITY_SAMPLE_CANDIDATES_V1,SET_4,6,SHOP,2025-08-08,False,1,0001dc2f0a6fb752e93388f04494379a79fb7490c78e76f383f1824316858b6c,Protocol-hash deterministic symbol/date selection; no PMPD Python signal output used.
SET_4_02_PYPL_2025-08-29,PMPD_V4_PARITY_SAMPLE_CANDIDATES_V1,SET_4,7,PYPL,2025-08-29,False,2,000c1703475f5beb7499718a17b7468bc996c39b2b4d18cd06be5f7ad4ffcd95,Protocol-hash deterministic symbol/date selection; no PMPD Python signal output used.
SET_4_03_DASH_2025-10-10,PMPD_V4_PARITY_SAMPLE_CANDIDATES_V1,SET_4,10,DASH,2025-10-10,False,3,0014b1e570e841e39084597b24ef572b6ec953fc0d13209deaf864a0db09e355,Protocol-hash deterministic symbol/date selection; no PMPD Python signal output used.
SET_4_04_AXON_2025-09-12,PMPD_V4_PARITY_SAMPLE_CANDIDATES_V1,SET_4,18,AXON,2025-09-12,True,4,00176459a085d8ec873be02f63518eaca33785cbca7943d65292efe687c55581,Protocol-hash deterministic symbol/date selection; no PMPD Python signal output used.
SET_4_05_ASML_2025-03-10,PMPD_V4_PARITY_SAMPLE_CANDIDATES_V1,SET_4,2,ASML,2025-03-10,False,5,001fb12cb8e980569a9134d9b2b0da8de4bf4fbacf40dd2b9b4d666466028b0a,Protocol-hash deterministic symbol/date selection; no PMPD Python signal output used.
SET_4_06_NEE_2025-05-05,PMPD_V4_PARITY_SAMPLE_CANDIDATES_V1,SET_4,28,NEE,2025-05-05,False,6,001fd1555b88780805cf7b6fe14f997bf79058473a9fcb6a44f146465c1e20e7,Protocol-hash deterministic symbol/date selection; no PMPD Python signal output used.
SET_4_07_ETN_2025-03-21,PMPD_V4_PARITY_SAMPLE_CANDIDATES_V1,SET_4,19,ETN,2025-03-21,False,7,002069298d3e2cb96a5e6400f4ab271fee6df8159e1723ad5ae846e278123700,Protocol-hash deterministic symbol/date selection; no PMPD Python signal output used.
SET_4_08_CEG_2025-08-27,PMPD_V4_PARITY_SAMPLE_CANDIDATES_V1,SET_4,22,CEG,2025-08-27,False,8,0033f588408712bde234d4dcebd2fa1197f9483fc530c6dcb489a8cf2bc48e81,Protocol-hash deterministic symbol/date selection; no PMPD Python signal output used.
SET_4_09_LULU_2025-10-31,PMPD_V4_PARITY_SAMPLE_CANDIDATES_V1,SET_4,12,LULU,2025-10-31,False,9,003db30152c6f71d944e7c80b1373b620bdc1054e06f8c3ab73878871803f13f,Protocol-hash deterministic symbol/date selection; no PMPD Python signal output used.
SET_4_10_ABNB_2025-09-22,PMPD_V4_PARITY_SAMPLE_CANDIDATES_V1,SET_4,9,ABNB,2025-09-22,False,10,005646ad0d3c5097bea23dc848223f4e9e2b649d34a6c010d77c1e699e97ecf8,Protocol-hash deterministic symbol/date selection; no PMPD Python signal output used.
SET_4_11_URI_2025-12-23,PMPD_V4_PARITY_SAMPLE_CANDIDATES_V1,SET_4,21,URI,2025-12-23,True,11,0058ff3f6fccc67cf3235ccf5ae3b4318031869f415b14486b058dee9d82b080,Protocol-hash deterministic symbol/date selection; no PMPD Python signal output used.
SET_4_12_BLK_2025-09-26,PMPD_V4_PARITY_SAMPLE_CANDIDATES_V1,SET_4,16,BLK,2025-09-26,True,12,00af54353225bdd7408dfda286d2fb2ebffbdf995f5e06ee383d60bf152297ae,Protocol-hash deterministic symbol/date selection; no PMPD Python signal output used.
