research_period,state,total_n,binary_n,favorable_n,adverse_n,both_n,unresolved_n,favorable_first_pct,c3_confirmation_pct,avg_mfe_pct,avg_mae_pct,symbol_n,trade_date_n,direction,feature
DISCOVERY,ALL_3_ALIGNED,614,602,288,314,1,11,47.840531561461795,47.23127035830619,1.2238946641339654,1.2928123546424803,110,44,BEAR,market_3idx_prior_1d_state
DISCOVERY,ALL_3_OPPOSING,943,917,480,437,6,20,52.344601962922575,46.23541887592789,1.357472220670762,1.2224550562659493,112,73,BEAR,market_3idx_prior_1d_state
DISCOVERY,MAJORITY_ALIGNED,331,324,156,168,4,3,48.148148148148145,43.202416918429,1.3341764877489137,1.3145477558197487,107,23,BEAR,market_3idx_prior_1d_state
DISCOVERY,MAJORITY_OPPOSING,234,230,113,117,0,4,49.130434782608695,46.15384615384615,1.310669675891749,1.2980151241049416,99,18,BEAR,market_3idx_prior_1d_state
DISCOVERY,MIXED,20,20,9,11,0,0,45.0,25.0,2.196478799460885,0.8742756983158315,20,1,BEAR,market_3idx_prior_1d_state
DISCOVERY,UNKNOWN,30,30,7,23,0,0,23.333333333333332,30.0,0.44763788839659735,1.7854040854650173,28,2,BEAR,market_3idx_prior_1d_state
DISCOVERY,ALL_3_ALIGNED,943,921,483,438,0,22,52.442996742671006,45.49310710498409,1.2854085746227537,1.1608360457163471,112,73,BULL,market_3idx_prior_1d_state
DISCOVERY,ALL_3_OPPOSING,546,535,274,261,1,10,51.21495327102804,48.717948717948715,1.2799924736355528,1.224461995815705,111,44,BULL,market_3idx_prior_1d_state
DISCOVERY,MAJORITY_ALIGNED,275,272,128,144,1,2,47.05882352941177,46.90909090909091,1.2828707494527094,1.423942239319464,105,18,BULL,market_3idx_prior_1d_state
DISCOVERY,MAJORITY_OPPOSING,309,300,177,123,1,8,59.0,49.83818770226537,1.2626076588099604,1.2211522976685827,109,23,BULL,market_3idx_prior_1d_state
DISCOVERY,MIXED,4,4,2,2,0,0,50.0,50.0,0.929735847126131,1.2181371041610993,4,1,BULL,market_3idx_prior_1d_state
DISCOVERY,UNKNOWN,23,22,17,5,0,1,77.27272727272727,60.869565217391305,1.3509989250739065,0.5049046102475664,23,2,BULL,market_3idx_prior_1d_state
VALIDATION,ALL_3_ALIGNED,643,628,297,331,7,8,47.29299363057325,48.52255054432349,1.5712741079526582,1.5631761226341077,111,50,BEAR,market_3idx_prior_1d_state
VALIDATION,ALL_3_OPPOSING,675,664,360,304,10,1,54.21686746987952,48.74074074074074,1.6474998849208222,1.4141280029369463,112,60,BEAR,market_3idx_prior_1d_state
VALIDATION,MAJORITY_ALIGNED,347,343,162,181,2,2,47.23032069970846,41.78674351585014,1.5673831810259269,1.8497690238073112,108,23,BEAR,market_3idx_prior_1d_state
VALIDATION,MAJORITY_OPPOSING,300,291,149,142,5,4,51.202749140893474,51.333333333333336,1.8775025486913668,1.552187132661166,106,23,BEAR,market_3idx_prior_1d_state
VALIDATION,UNKNOWN,67,64,31,33,2,1,48.4375,49.25373134328358,1.3941035069853425,1.1019197807279464,51,5,BEAR,market_3idx_prior_1d_state
VALIDATION,ALL_3_ALIGNED,847,821,398,423,16,10,48.47746650426309,47.22550177095631,1.6510381958085039,1.46334381077556,112,60,BULL,market_3idx_prior_1d_state
VALIDATION,ALL_3_OPPOSING,610,594,291,303,16,0,48.98989898989899,46.885245901639344,1.9083808034626861,1.4902340835640402,111,50,BULL,market_3idx_prior_1d_state
VALIDATION,MAJORITY_ALIGNED,337,331,137,194,6,0,41.389728096676734,40.652818991097924,1.300196206034784,1.8204028239228287,109,23,BULL,market_3idx_prior_1d_state
VALIDATION,MAJORITY_OPPOSING,276,269,150,119,5,2,55.762081784386616,51.44927536231884,1.9140576911952216,1.6868352260796333,101,23,BULL,market_3idx_prior_1d_state
VALIDATION,UNKNOWN,83,83,39,44,0,0,46.98795180722892,45.78313253012048,1.7121545624200263,1.5170451110706553,56,5,BULL,market_3idx_prior_1d_state
DISCOVERY,ALL_3_ALIGNED,495,490,231,259,2,3,47.142857142857146,42.82828282828283,1.4426555966517332,1.471038392749046,111,36,BEAR,market_3idx_prior_5d_state
DISCOVERY,ALL_3_OPPOSING,1227,1191,603,588,6,30,50.62972292191436,46.69926650366748,1.2119741156537693,1.1890128125155348,112,91,BEAR,market_3idx_prior_5d_state
DISCOVERY,MAJORITY_ALIGNED,109,108,55,53,0,1,50.925925925925924,39.44954128440367,1.4989309476170427,1.0744684926121257,72,10,BEAR,market_3idx_prior_5d_state
DISCOVERY,MAJORITY_OPPOSING,256,249,113,136,3,4,45.381526104417674,42.96875,1.4776927716048394,1.3987029542439555,101,18,BEAR,market_3idx_prior_5d_state
DISCOVERY,UNKNOWN,85,85,51,34,0,0,60.0,62.35294117647059,1.1100691652303463,1.1081486965637677,64,6,BEAR,market_3idx_prior_5d_state
DISCOVERY,ALL_3_ALIGNED,1205,1173,607,566,0,32,51.74765558397272,45.3941908713693,1.2643993186230835,1.0907975043515181,112,91,BULL,market_3idx_prior_5d_state
DISCOVERY,ALL_3_OPPOSING,461,455,246,209,3,3,54.065934065934066,52.711496746203906,1.35593344906738,1.4163931758373016,109,36,BULL,market_3idx_prior_5d_state
DISCOVERY,MAJORITY_ALIGNED,241,236,118,118,0,5,50.0,44.81327800829875,1.2055546963098365,1.3761183025442443,101,18,BULL,market_3idx_prior_5d_state
DISCOVERY,MAJORITY_OPPOSING,135,134,70,64,0,1,52.23880597014925,45.925925925925924,1.243724180730997,1.4474174430114704,80,10,BULL,market_3idx_prior_5d_state
DISCOVERY,UNKNOWN,58,56,40,16,0,2,71.42857142857143,58.62068965517241,1.4071615972588365,0.9347596301101113,37,6,BULL,market_3idx_prior_5d_state
VALIDATION,ALL_3_ALIGNED,653,640,296,344,6,7,46.25,44.716692189892804,1.4774448860678946,1.5432620838679652,111,51,BEAR,market_3idx_prior_5d_state
VALIDATION,ALL_3_OPPOSING,735,718,382,336,10,7,53.203342618384404,49.1156462585034,1.6679084457808335,1.602402956280484,112,57,BEAR,market_3idx_prior_5d_state
VALIDATION,MAJORITY_ALIGNED,293,288,132,156,5,0,45.833333333333336,47.44027303754266,1.613714278815602,1.6801159807190376,103,23,BEAR,market_3idx_prior_5d_state
VALIDATION,MAJORITY_OPPOSING,284,280,158,122,3,1,56.42857142857143,52.11267605633803,1.9930348599095118,1.3711068447642316,102,25,BEAR,market_3idx_prior_5d_state
VALIDATION,UNKNOWN,67,64,31,33,2,1,48.4375,49.25373134328358,1.3941035069853425,1.1019197807279464,51,5,BEAR,market_3idx_prior_5d_state
VALIDATION,ALL_3_ALIGNED,803,778,340,438,20,5,43.70179948586118,44.20921544209215,1.5971677080141389,1.6745960374304123,112,57,BULL,market_3idx_prior_5d_state
VALIDATION,ALL_3_OPPOSING,615,597,315,282,12,6,52.76381909547739,49.91869918699187,1.8312342892479503,1.4489628153341618,112,51,BULL,market_3idx_prior_5d_state
VALIDATION,MAJORITY_ALIGNED,341,335,165,170,6,0,49.25373134328358,44.868035190615835,1.4962495902852775,1.6284251428216845,111,25,BULL,market_3idx_prior_5d_state
VALIDATION,MAJORITY_OPPOSING,311,305,156,149,5,1,51.14754098360656,48.231511254019296,1.961517101143159,1.403316879651482,105,23,BULL,market_3idx_prior_5d_state
VALIDATION,UNKNOWN,83,83,39,44,0,0,46.98795180722892,45.78313253012048,1.7121545624200263,1.5170451110706553,56,5,BULL,market_3idx_prior_5d_state
DISCOVERY,ALL_3_ALIGNED,149,148,61,87,0,1,41.21621621621622,44.29530201342282,1.9923057400140836,1.4392513098016133,84,11,BEAR,market_3idx_daily_ema20_state
DISCOVERY,ALL_3_OPPOSING,1450,1411,708,703,9,30,50.17717930545712,44.3448275862069,1.3011036600541948,1.1947629895113054,112,107,BEAR,market_3idx_daily_ema20_state
DISCOVERY,MAJORITY_ALIGNED,113,112,57,55,0,1,50.892857142857146,42.47787610619469,1.2040063130721665,1.8412690008927468,72,10,BEAR,market_3idx_daily_ema20_state
DISCOVERY,MAJORITY_OPPOSING,173,170,83,87,2,1,48.8235294117647,46.24277456647399,1.1993008549993838,1.4035480048394495,87,13,BEAR,market_3idx_daily_ema20_state
DISCOVERY,UNKNOWN,287,282,144,138,0,5,51.06382978723404,53.65853658536585,1.0810098901837273,1.2499247549355226,109,20,BEAR,market_3idx_daily_ema20_state
DISCOVERY,ALL_3_ALIGNED,1420,1382,710,672,2,36,51.37481910274964,44.014084507042256,1.260122372766005,1.1588443685297947,112,107,BULL,market_3idx_daily_ema20_state
DISCOVERY,ALL_3_OPPOSING,130,129,75,54,0,1,58.13953488372093,54.61538461538461,1.333931899874258,1.5024166806027062,82,11,BULL,market_3idx_daily_ema20_state
DISCOVERY,MAJORITY_ALIGNED,170,170,91,79,0,0,53.529411764705884,56.470588235294116,1.2590983278517391,1.427749707237751,95,13,BULL,market_3idx_daily_ema20_state
DISCOVERY,MAJORITY_OPPOSING,150,147,78,69,1,2,53.06122448979592,54.666666666666664,1.3935737801031907,1.3525201695789406,90,10,BULL,market_3idx_daily_ema20_state
DISCOVERY,UNKNOWN,230,226,127,99,0,4,56.19469026548673,52.17391304347826,1.3168505163025688,1.1398327113598028,94,20,BULL,market_3idx_daily_ema20_state
VALIDATION,ALL_3_ALIGNED,427,421,211,210,4,2,50.1187648456057,46.37002341920375,1.34845540165712,1.5848012275203585,108,35,BEAR,market_3idx_daily_ema20_state
VALIDATION,ALL_3_OPPOSING,985,964,501,463,10,11,51.97095435684647,51.065989847715734,1.6253535375208794,1.558688188764037,112,78,BEAR,market_3idx_daily_ema20_state
VALIDATION,MAJORITY_ALIGNED,254,249,107,142,5,0,42.971887550200805,45.669291338582674,2.0677732115142398,1.5862134345995467,100,21,BEAR,market_3idx_daily_ema20_state
VALIDATION,MAJORITY_OPPOSING,299,292,149,143,5,2,51.02739726027397,41.137123745819395,1.7643689480543387,1.5126034696441557,104,22,BEAR,market_3idx_daily_ema20_state
VALIDATION,UNKNOWN,67,64,31,33,2,1,48.4375,49.25373134328358,1.3941035069853425,1.1019197807279464,51,5,BEAR,market_3idx_daily_ema20_state
VALIDATION,ALL_3_ALIGNED,1068,1045,493,552,18,5,47.177033492822964,44.662921348314605,1.6175179080018929,1.5213824920599446,112,78,BULL,market_3idx_daily_ema20_state
VALIDATION,ALL_3_OPPOSING,439,427,208,219,10,2,48.711943793911004,48.29157175398633,1.8858219949913546,1.4544697778908515,107,35,BULL,market_3idx_daily_ema20_state
VALIDATION,MAJORITY_ALIGNED,284,273,133,140,9,2,48.717948717948715,47.183098591549296,1.666887501551049,1.831965401307606,97,22,BULL,market_3idx_daily_ema20_state
VALIDATION,MAJORITY_OPPOSING,279,270,142,128,6,3,52.592592592592595,50.89605734767025,1.7928553913187122,1.5910765762561683,102,21,BULL,market_3idx_daily_ema20_state
VALIDATION,UNKNOWN,83,83,39,44,0,0,46.98795180722892,45.78313253012048,1.7121545624200263,1.5170451110706553,56,5,BULL,market_3idx_daily_ema20_state
DISCOVERY,ALL_3_ALIGNED,634,626,313,313,1,7,50.0,45.110410094637224,1.341555811763839,1.3647020118360698,112,47,BEAR,market_3idx_prior_1w_state
DISCOVERY,ALL_3_OPPOSING,1132,1102,561,541,7,23,50.90744101633394,45.936395759717314,1.271733392963595,1.2591736685259913,112,80,BEAR,market_3idx_prior_1w_state
DISCOVERY,MAJORITY_ALIGNED,63,60,39,21,0,3,65.0,55.55555555555556,1.5202766060294455,0.8746909421185517,47,9,BEAR,market_3idx_prior_1w_state
DISCOVERY,MAJORITY_OPPOSING,267,259,97,162,3,5,37.45173745173745,38.57677902621723,1.376445665322437,1.2106887178328116,100,20,BEAR,market_3idx_prior_1w_state
DISCOVERY,UNKNOWN,76,76,43,33,0,0,56.578947368421055,61.8421052631579,1.102611286861179,1.1512539640278099,60,5,BEAR,market_3idx_prior_1w_state
DISCOVERY,ALL_3_ALIGNED,974,950,505,445,0,24,53.1578947368421,49.281314168377826,1.2497902886305603,1.1780190480852741,112,80,BULL,market_3idx_prior_1w_state
DISCOVERY,ALL_3_OPPOSING,665,659,346,313,3,3,52.50379362670713,43.909774436090224,1.450088765676105,1.2622946759796163,112,47,BULL,market_3idx_prior_1w_state
DISCOVERY,MAJORITY_ALIGNED,234,230,117,113,0,4,50.869565217391305,47.43589743589744,1.1778870837175535,1.2774321641683577,92,20,BULL,market_3idx_prior_1w_state
DISCOVERY,MAJORITY_OPPOSING,185,175,84,91,0,10,48.0,48.108108108108105,0.9271601553031578,1.212256797947412,92,9,BULL,market_3idx_prior_1w_state
DISCOVERY,UNKNOWN,42,40,29,11,0,2,72.5,52.38095238095238,1.4282938378447259,0.9196910636548788,33,5,BULL,market_3idx_prior_1w_state
VALIDATION,ALL_3_ALIGNED,616,606,296,310,9,1,48.84488448844885,46.91558441558441,1.5446405245800239,1.4561266823449874,111,52,BEAR,market_3idx_prior_1w_state
VALIDATION,ALL_3_OPPOSING,910,889,477,412,12,9,53.655793025871766,50.32967032967033,1.639538083560674,1.5837446853121708,112,70,BEAR,market_3idx_prior_1w_state
VALIDATION,MAJORITY_ALIGNED,322,317,144,173,4,1,45.42586750788644,44.099378881987576,1.7225525115453981,1.6904905061300826,103,24,BEAR,market_3idx_prior_1w_state
VALIDATION,MAJORITY_OPPOSING,184,178,82,96,1,5,46.06741573033708,45.65217391304348,1.7651587458011537,1.4048566427823637,83,15,BEAR,market_3idx_prior_1w_state
VALIDATION,ALL_3_ALIGNED,961,944,454,490,12,5,48.09322033898305,45.473465140478666,1.7003958481894588,1.503861021151508,112,70,BULL,market_3idx_prior_1w_state
VALIDATION,ALL_3_OPPOSING,647,629,315,314,11,7,50.07949125596184,48.37712519319938,1.7636662275500625,1.518781667155216,109,52,BULL,market_3idx_prior_1w_state
VALIDATION,MAJORITY_ALIGNED,209,201,91,110,8,0,45.27363184079602,41.14832535885167,1.4663772429559716,1.5870618190534562,97,15,BULL,market_3idx_prior_1w_state
VALIDATION,MAJORITY_OPPOSING,336,324,155,169,12,0,47.839506172839506,49.70238095238095,1.7543190825409183,1.767541419111917,107,24,BULL,market_3idx_prior_1w_state
DISCOVERY,ALL_3_ALIGNED,114,113,49,64,1,0,43.36283185840708,34.21052631578947,1.1283103242482566,1.481064264799606,70,9,BEAR,market_3idx_prior_4w_state
DISCOVERY,ALL_3_OPPOSING,1433,1400,689,711,7,26,49.214285714285715,44.731332868108865,1.3429102196714608,1.2304145492674465,112,108,BEAR,market_3idx_prior_4w_state
DISCOVERY,MAJORITY_ALIGNED,131,130,80,50,0,1,61.53846153846154,54.19847328244275,1.7956259760891435,1.3864994764858676,77,10,BEAR,market_3idx_prior_4w_state
DISCOVERY,MAJORITY_OPPOSING,222,213,98,115,3,6,46.009389671361504,42.792792792792795,1.1494508160454449,1.4334812618664987,98,15,BEAR,market_3idx_prior_4w_state
DISCOVERY,UNKNOWN,272,267,137,130,0,5,51.31086142322097,53.30882352941177,1.0801935894565726,1.1932747783640298,109,19,BEAR,market_3idx_prior_4w_state
DISCOVERY,ALL_3_ALIGNED,1407,1370,670,700,1,36,48.90510948905109,45.7000710732054,1.2276269861326792,1.2326717478664424,112,108,BULL,market_3idx_prior_4w_state
DISCOVERY,ALL_3_OPPOSING,134,134,78,56,0,0,58.208955223880594,52.985074626865675,1.3763995855148763,1.121218375347757,80,9,BULL,market_3idx_prior_4w_state
DISCOVERY,MAJORITY_ALIGNED,183,180,109,71,0,3,60.55555555555556,47.540983606557376,1.301817356588992,1.0311138969080158,88,15,BULL,market_3idx_prior_4w_state
DISCOVERY,MAJORITY_OPPOSING,161,159,98,61,2,0,61.63522012578616,46.58385093167702,1.6174015436135367,1.4898034061481868,90,10,BULL,market_3idx_prior_4w_state
DISCOVERY,UNKNOWN,215,211,126,85,0,4,59.71563981042654,54.883720930232556,1.2948854841209658,1.0951886883812323,93,19,BULL,market_3idx_prior_4w_state
VALIDATION,ALL_3_ALIGNED,292,289,145,144,2,1,50.173010380622834,42.80821917808219,1.4391405465503675,1.3016160844518798,105,24,BEAR,market_3idx_prior_4w_state
VALIDATION,ALL_3_OPPOSING,1100,1074,548,526,14,12,51.02420856610801,49.54545454545455,1.639271015273465,1.5256445589700391,111,84,BEAR,market_3idx_prior_4w_state
VALIDATION,MAJORITY_ALIGNED,438,430,211,219,7,1,49.06976744186046,45.4337899543379,1.6764615052517402,1.7027101701665441,111,38,BEAR,market_3idx_prior_4w_state
VALIDATION,MAJORITY_OPPOSING,202,197,95,102,3,2,48.223350253807105,51.48514851485149,1.8079804031324642,1.6680460353687656,93,15,BEAR,market_3idx_prior_4w_state
VALIDATION,ALL_3_ALIGNED,1169,1148,558,590,15,6,48.606271777003485,45.93669803250641,1.7072206593196069,1.5165267547650425,112,84,BULL,market_3idx_prior_4w_state
VALIDATION,ALL_3_OPPOSING,295,291,140,151,1,3,48.10996563573883,45.42372881355932,1.5387478537470194,1.511329238915258,104,24,BULL,market_3idx_prior_4w_state
VALIDATION,MAJORITY_ALIGNED,180,176,88,88,3,1,50.0,46.666666666666664,1.6427886106316185,1.711902984436052,92,15,BULL,market_3idx_prior_4w_state
VALIDATION,MAJORITY_OPPOSING,509,483,229,254,24,2,47.4120082815735,48.722986247544206,1.818709228551718,1.6240620392553542,110,38,BULL,market_3idx_prior_4w_state
DISCOVERY,ALL_3_OPPOSING,916,896,484,412,3,17,54.017857142857146,48.90829694323144,1.5929416712993303,1.2651460095702236,112,69,BEAR,market_3idx_weekly_ema20_state
DISCOVERY,UNKNOWN,1256,1227,569,658,8,21,46.37326813365933,43.232484076433124,1.097214085354516,1.2719638867755643,112,92,BEAR,market_3idx_weekly_ema20_state
DISCOVERY,ALL_3_ALIGNED,969,942,510,432,2,25,54.140127388535035,48.60681114551084,1.2980371906789723,1.2850418067120222,112,69,BULL,market_3idx_weekly_ema20_state
DISCOVERY,UNKNOWN,1131,1112,571,541,1,18,51.34892086330935,46.242263483642795,1.2652036074653596,1.152453280607183,112,92,BULL,market_3idx_weekly_ema20_state
VALIDATION,ALL_3_ALIGNED,292,289,145,144,2,1,50.173010380622834,42.80821917808219,1.4391405465503675,1.3016160844518798,105,24,BEAR,market_3idx_weekly_ema20_state
VALIDATION,ALL_3_OPPOSING,1659,1622,811,811,22,15,50.0,48.7040385774563,1.6903776233058783,1.58618354726019,112,128,BEAR,market_3idx_weekly_ema20_state
VALIDATION,MAJORITY_OPPOSING,81,79,43,36,2,0,54.43037974683544,49.382716049382715,1.214368153942954,1.5983069585163665,60,9,BEAR,market_3idx_weekly_ema20_state
VALIDATION,ALL_3_ALIGNED,1750,1706,824,882,36,8,48.30011723329426,46.91428571428571,1.7140646088030957,1.5679854779269455,112,128,BULL,market_3idx_weekly_ema20_state
VALIDATION,ALL_3_OPPOSING,295,291,140,151,1,3,48.10996563573883,45.42372881355932,1.5387478537470194,1.511329238915258,104,24,BULL,market_3idx_weekly_ema20_state
VALIDATION,MAJORITY_ALIGNED,108,101,51,50,6,1,50.495049504950494,44.44444444444444,2.014378079497396,1.5151417141448547,66,9,BULL,market_3idx_weekly_ema20_state
