quarter,state,total_n,binary_n,favorable_n,adverse_n,both_n,unresolved_n,favorable_first_pct,c3_confirmation_pct,avg_mfe_pct,avg_mae_pct,median_mfe_pct,median_mae_pct,symbol_n,trade_date_n,feature
2025Q2,LOW_PREMARKET_RVOL,64,63,26,37,0,1,41.26984126984127,37.5,0.9789785499213155,1.1095171610805408,0.798865052519137,0.8395071281349593,47,14,low_premarket_rvol_candidate
2025Q2,OTHER,625,615,332,283,0,10,53.983739837398375,52.16,1.2034942095347791,1.1748788678209112,0.8799718409010912,0.9195634599838285,111,25,low_premarket_rvol_candidate
2025Q3,LOW_PREMARKET_RVOL,335,332,151,181,0,3,45.48192771084337,41.492537313432834,1.0565948503881295,1.0873692599108171,0.7219827586206946,0.8125564275296808,101,63,low_premarket_rvol_candidate
2025Q3,OTHER,1290,1258,592,666,9,23,47.05882352941177,42.325581395348834,1.178186808981331,1.2855367589939704,0.8663274206558105,0.9244421872981642,112,64,low_premarket_rvol_candidate
2025Q4,LOW_PREMARKET_RVOL,355,337,180,157,0,18,53.41246290801187,46.478873239436616,1.130668169141177,1.0125045085882163,0.7942916158107041,0.6451612903225739,105,57,low_premarket_rvol_candidate
2025Q4,OTHER,1347,1316,688,628,5,26,52.27963525835866,47.95842613214551,1.4570012828787853,1.3591224785123488,1.0312014254843338,0.9423587001056659,112,64,low_premarket_rvol_candidate
2026Q1,LOW_PREMARKET_RVOL,219,219,102,117,0,0,46.57534246575342,43.83561643835616,1.4201473397982254,1.2931627567490338,1.027311450764223,1.000722170638604,92,52,low_premarket_rvol_candidate
2026Q1,OTHER,1350,1322,708,614,24,4,53.55521936459909,47.851851851851855,1.6936835378162929,1.4746368446036053,1.2455871799020122,1.1043384926127193,112,61,low_premarket_rvol_candidate
2026Q2,LOW_PREMARKET_RVOL,262,258,116,142,0,4,44.96124031007752,46.18320610687023,1.3728147611998585,1.527437592975419,1.006763889823322,1.1314556103957507,101,55,low_premarket_rvol_candidate
2026Q2,OTHER,1365,1335,683,652,22,8,51.161048689138575,48.13186813186813,1.836827260287067,1.5892627320887094,1.2726759551484308,1.1079171158222678,112,62,low_premarket_rvol_candidate
2026Q3,LOW_PREMARKET_RVOL,169,168,86,82,0,1,51.19047619047619,47.337278106508876,1.56195765983173,1.4801260631692759,1.149800212019887,1.045348253659783,86,39,low_premarket_rvol_candidate
2026Q3,OTHER,926,895,414,481,21,10,46.25698324022346,47.94816414686825,1.6236086477778706,1.6069977451728061,1.143328308322057,1.1683007244223123,112,41,low_premarket_rvol_candidate
2025Q2,LOW_PREMARKET_RVOL_MARKET_ALIGNED,37,37,18,19,0,0,48.648648648648646,37.83783783783784,1.1452120155580137,1.0237336049380907,0.8970485707645861,0.728826338275943,30,13,low_premarket_rvol_market_aligned_candidate
2025Q2,OTHER,652,641,340,301,0,11,53.042121684867396,51.533742331288344,1.1847632876971694,1.177040256617354,0.8716417105480375,0.9210139329931573,111,25,low_premarket_rvol_market_aligned_candidate
2025Q3,LOW_PREMARKET_RVOL_MARKET_ALIGNED,184,183,82,101,0,1,44.80874316939891,37.5,1.0817430227693408,1.0487077090054497,0.786248695927082,0.7919900594886441,87,54,low_premarket_rvol_market_aligned_candidate
2025Q3,OTHER,1441,1407,661,746,9,25,46.979388770433545,42.74809160305343,1.1622342416907574,1.2697077742646377,0.8538732394366187,0.9095378564405084,112,64,low_premarket_rvol_market_aligned_candidate
2025Q4,LOW_PREMARKET_RVOL_MARKET_ALIGNED,178,167,83,84,0,11,49.70059880239521,42.69662921348315,1.2024396536506012,0.9849052353781148,0.8216852360539733,0.6119563457678702,84,49,low_premarket_rvol_market_aligned_candidate
2025Q4,OTHER,1524,1486,785,701,5,33,52.82637954239569,48.22834645669291,1.4107176310584215,1.3220892042044923,0.9945384459522317,0.9035573810135087,112,64,low_premarket_rvol_market_aligned_candidate
2026Q1,LOW_PREMARKET_RVOL_MARKET_ALIGNED,116,116,50,66,0,0,43.10344827586207,36.206896551724135,1.4113647252620258,1.2485645908451377,1.0418339953880398,1.020069627156385,70,39,low_premarket_rvol_market_aligned_candidate
2026Q1,OTHER,1453,1425,760,665,24,4,53.333333333333336,48.17618719889883,1.6749943120009716,1.4653330291843563,1.2228059332509176,1.0972200242654495,112,61,low_premarket_rvol_market_aligned_candidate
2026Q2,LOW_PREMARKET_RVOL_MARKET_ALIGNED,145,143,60,83,0,2,41.95804195804196,39.310344827586206,1.1613258487691673,1.6461366929456849,0.8801712765727493,1.229170481596778,81,46,low_premarket_rvol_market_aligned_candidate
2026Q2,OTHER,1482,1450,739,711,22,10,50.96551724137931,48.65047233468286,1.820886929591552,1.5727681904072357,1.2665375233965208,1.0843674467796736,112,62,low_premarket_rvol_market_aligned_candidate
2026Q3,LOW_PREMARKET_RVOL_MARKET_ALIGNED,93,92,43,49,0,1,46.73913043478261,41.935483870967744,1.460997073552575,1.2174929158167345,1.0022427810485048,0.9009009009008991,68,31,low_premarket_rvol_market_aligned_candidate
2026Q3,OTHER,1002,971,457,514,21,10,47.0648815653965,48.40319361277445,1.628303118276927,1.6217508737870954,1.1524287274090943,1.1587064950483377,112,41,low_premarket_rvol_market_aligned_candidate
2025Q2,HIGH_PREMARKET_RVOL,89,89,32,57,0,0,35.95505617977528,35.95505617977528,0.9694330201011255,1.429234070796152,0.6764374295377678,1.0983594991817223,58,15,high_premarket_rvol_candidate
2025Q2,OTHER,600,589,326,263,0,11,55.34804753820034,53.0,1.2142649489420017,1.1301775973272776,0.9159282846347855,0.8308609719163679,111,25,high_premarket_rvol_candidate
2025Q3,HIGH_PREMARKET_RVOL,345,336,167,169,5,4,49.70238095238095,41.73913043478261,1.3690775912657371,1.4494936850222355,0.9897474590564066,1.0916374561842799,100,64,high_premarket_rvol_candidate
2025Q3,OTHER,1280,1254,576,678,4,22,45.933014354066984,42.265625,1.0949128824056729,1.1894810936247455,0.7985727180738211,0.8653086616237884,112,64,high_premarket_rvol_candidate
2025Q4,HIGH_PREMARKET_RVOL,293,288,147,141,4,1,51.041666666666664,43.34470989761092,1.6596924335974967,1.6412879840097352,1.1307220426096432,1.2956323337679299,104,61,high_premarket_rvol_candidate
2025Q4,OTHER,1409,1365,721,644,1,43,52.82051282051282,48.54506742370476,1.3326316856201383,1.2131154718169612,0.9464057847724379,0.8204990248167321,112,64,high_premarket_rvol_candidate
2026Q1,HIGH_PREMARKET_RVOL,358,345,181,164,13,0,52.46376811594203,50.55865921787709,1.820744117118115,1.5907265893548614,1.4388624551419982,1.1692773637984333,107,57,high_premarket_rvol_candidate
2026Q1,OTHER,1211,1196,629,567,11,4,52.591973244147155,46.32535094962841,1.6066545413208273,1.4074998059074033,1.157976452322423,1.05693828844186,112,61,high_premarket_rvol_candidate
2026Q2,HIGH_PREMARKET_RVOL,292,282,151,131,9,1,53.54609929078014,50.0,1.8821329765391588,1.77788239686371,1.4175354653049652,1.2474362984962013,99,59,high_premarket_rvol_candidate
2026Q2,OTHER,1335,1311,648,663,13,11,49.4279176201373,47.340823970037455,1.7358530700949626,1.5358731226789843,1.1770096509063874,1.0989946339357297,112,62,high_premarket_rvol_candidate
2026Q3,HIGH_PREMARKET_RVOL,174,162,82,80,10,2,50.617283950617285,47.701149425287355,1.9283015773562224,1.6026299808252855,1.3376424984077917,1.1771689492352655,82,41,high_premarket_rvol_candidate
2026Q3,OTHER,921,901,418,483,11,9,46.392896781354054,47.88273615635179,1.5547317892441779,1.584542453900137,1.1287187920466368,1.133440214757101,112,41,high_premarket_rvol_candidate
