symbol,total_n,binary_n,favorable_n,adverse_n,both_n,unresolved_n,favorable_first_pct,c3_confirmation_pct,avg_mfe_pct,avg_mae_pct,median_mfe_pct,median_mae_pct,symbol_n,trade_date_n,feature,state
ABBV,10,10,3,7,0,0,30.0,10.0,0.9925680774789679,1.143668351469038,0.8158647528941602,0.9532289464956679,1,10,c2_vs_c1_volume_state,C2_VOLUME_ACCELERATING
ABNB,4,4,1,3,0,0,25.0,25.0,1.48186123966588,1.1565194657821016,1.3896790060380646,1.0727629189784378,1,4,c2_vs_c1_volume_state,C2_VOLUME_ACCELERATING
ADBE,2,2,2,0,0,0,100.0,100.0,1.3976479208381272,0.3177565151871281,1.3976479208381272,0.3177565151871281,1,2,c2_vs_c1_volume_state,C2_VOLUME_ACCELERATING
AMD,2,2,1,1,0,0,50.0,50.0,0.8390249922825654,3.264161156774211,0.8390249922825654,3.264161156774211,1,2,c2_vs_c1_volume_state,C2_VOLUME_ACCELERATING
AMGN,2,2,2,0,0,0,100.0,50.0,2.521263924251365,0.8276882990740945,2.521263924251365,0.8276882990740945,1,2,c2_vs_c1_volume_state,C2_VOLUME_ACCELERATING
ANET,5,5,5,0,0,0,100.0,80.0,2.2005607367432565,1.2659902543033998,1.9999999999999942,1.5295396882928696,1,5,c2_vs_c1_volume_state,C2_VOLUME_ACCELERATING
APP,2,2,1,1,0,0,50.0,0.0,1.1318946186618324,2.3111865498173496,1.1318946186618324,2.3111865498173496,1,2,c2_vs_c1_volume_state,C2_VOLUME_ACCELERATING
AXP,1,1,0,1,0,0,0.0,0.0,2.2061678172948787,1.2271491990614896,2.2061678172948787,1.2271491990614896,1,1,c2_vs_c1_volume_state,C2_VOLUME_ACCELERATING
BA,1,1,1,0,0,0,100.0,0.0,0.9195510704517535,0.3064698670187694,0.9195510704517535,0.3064698670187694,1,1,c2_vs_c1_volume_state,C2_VOLUME_ACCELERATING
BAC,2,2,1,1,0,0,50.0,100.0,0.5946341059215889,1.810650358427012,0.5946341059215889,1.810650358427012,1,2,c2_vs_c1_volume_state,C2_VOLUME_ACCELERATING
BKNG,1,1,0,1,0,0,0.0,100.0,0.7464762809729963,2.1722288566157757,0.7464762809729963,2.1722288566157757,1,1,c2_vs_c1_volume_state,C2_VOLUME_ACCELERATING
BMY,2,2,0,2,0,0,0.0,0.0,2.9519728744977423,0.6077219925312543,2.9519728744977423,0.6077219925312543,1,2,c2_vs_c1_volume_state,C2_VOLUME_ACCELERATING
C,46,45,27,18,0,1,60.0,36.95652173913044,1.0676155651797457,1.5586280566284814,0.8078429125854549,1.1606968609730863,1,46,c2_vs_c1_volume_state,C2_VOLUME_ACCELERATING
CAT,2,2,1,1,0,0,50.0,0.0,2.496626277118695,1.3229857165084091,2.496626277118695,1.3229857165084091,1,2,c2_vs_c1_volume_state,C2_VOLUME_ACCELERATING
CEG,1,1,0,1,0,0,0.0,0.0,0.5221954952984861,2.2341278518842467,0.5221954952984861,2.2341278518842467,1,1,c2_vs_c1_volume_state,C2_VOLUME_ACCELERATING
CMG,33,33,20,13,0,0,60.60606060606061,54.54545454545455,1.8767325237582304,1.0347454311575972,1.5376315079579181,0.94492440604752,1,33,c2_vs_c1_volume_state,C2_VOLUME_ACCELERATING
COIN,3,3,1,2,0,0,33.333333333333336,0.0,0.9041070273950149,3.458528409681543,0.4436266478461399,2.5502053856686437,1,3,c2_vs_c1_volume_state,C2_VOLUME_ACCELERATING
COP,1,1,1,0,0,0,100.0,100.0,2.413782607372241,1.3171225937183366,2.413782607372241,1.3171225937183366,1,1,c2_vs_c1_volume_state,C2_VOLUME_ACCELERATING
COST,2,2,0,2,0,0,0.0,0.0,0.5315689990980443,1.6792428352349853,0.5315689990980443,1.6792428352349853,1,2,c2_vs_c1_volume_state,C2_VOLUME_ACCELERATING
CRM,3,3,2,1,0,0,66.66666666666667,66.66666666666667,4.773011538464185,0.7296431474450807,3.9190897597977234,1.0128147721699823,1,3,c2_vs_c1_volume_state,C2_VOLUME_ACCELERATING
CRWD,1,1,1,0,0,0,100.0,100.0,0.8646288209606942,1.8580786026200853,0.8646288209606942,1.8580786026200853,1,1,c2_vs_c1_volume_state,C2_VOLUME_ACCELERATING
CSCO,1,1,1,0,0,0,100.0,100.0,0.9230530561588455,0.29475643810116653,0.9230530561588455,0.29475643810116653,1,1,c2_vs_c1_volume_state,C2_VOLUME_ACCELERATING
CVS,1,0,0,0,1,0,,100.0,5.531066330814437,0.6297229219143518,5.531066330814437,0.6297229219143518,1,1,c2_vs_c1_volume_state,C2_VOLUME_ACCELERATING
CVX,25,24,15,9,0,1,62.5,44.0,1.1367284200358378,0.7501180607824817,0.8850660683121516,0.6749857444071704,1,25,c2_vs_c1_volume_state,C2_VOLUME_ACCELERATING
DASH,2,1,0,1,1,0,0.0,100.0,4.954116241232136,0.7985632564983034,4.954116241232136,0.7985632564983034,1,2,c2_vs_c1_volume_state,C2_VOLUME_ACCELERATING
DDOG,3,3,3,0,0,0,100.0,66.66666666666667,1.4381742472550936,1.6822523739835082,1.6078996810416424,1.2999754721609156,1,3,c2_vs_c1_volume_state,C2_VOLUME_ACCELERATING
DELL,38,35,19,16,3,0,54.285714285714285,57.89473684210526,3.0417361133574112,2.070638981542531,1.8618450315808177,1.6504577663995357,1,38,c2_vs_c1_volume_state,C2_VOLUME_ACCELERATING
DIS,21,20,15,5,1,0,75.0,66.66666666666667,1.0815885201353983,0.84065270091444,0.831275064403905,0.8739855524837152,1,21,c2_vs_c1_volume_state,C2_VOLUME_ACCELERATING
EOG,2,2,0,2,0,0,0.0,50.0,0.12756583928305715,2.147748586334524,0.12756583928305715,2.147748586334524,1,2,c2_vs_c1_volume_state,C2_VOLUME_ACCELERATING
ETN,2,2,0,2,0,0,0.0,50.0,2.448208459152613,1.4143993848567245,2.448208459152613,1.4143993848567245,1,2,c2_vs_c1_volume_state,C2_VOLUME_ACCELERATING
FDX,1,1,1,0,0,0,100.0,0.0,1.5416666666666698,0.2777777777777778,1.5416666666666698,0.2777777777777778,1,1,c2_vs_c1_volume_state,C2_VOLUME_ACCELERATING
GE,3,3,3,0,0,0,100.0,66.66666666666667,1.9719510434806358,0.9914661235815435,0.8395677472984132,0.38058991436726564,1,3,c2_vs_c1_volume_state,C2_VOLUME_ACCELERATING
GILD,1,1,0,1,0,0,0.0,0.0,2.1270679827610137,0.852018827828647,2.1270679827610137,0.852018827828647,1,1,c2_vs_c1_volume_state,C2_VOLUME_ACCELERATING
GOOG,1,1,0,1,0,0,0.0,0.0,0.5230721425242068,1.2274069086954293,0.5230721425242068,1.2274069086954293,1,1,c2_vs_c1_volume_state,C2_VOLUME_ACCELERATING
GS,2,2,0,2,0,0,0.0,0.0,1.163901222925014,2.3836274852031547,1.163901222925014,2.3836274852031547,1,2,c2_vs_c1_volume_state,C2_VOLUME_ACCELERATING
HAL,3,2,0,2,1,0,0.0,0.0,0.24938520879563966,2.7661566490630705,0.14448968869039724,2.869461790068401,1,3,c2_vs_c1_volume_state,C2_VOLUME_ACCELERATING
HD,3,3,2,1,0,0,66.66666666666667,33.333333333333336,1.5044593917305125,0.8956048995709618,2.113217398871588,0.9617869139559653,1,3,c2_vs_c1_volume_state,C2_VOLUME_ACCELERATING
HON,1,1,1,0,0,0,100.0,0.0,0.9383465164156428,1.0163614692816119,0.9383465164156428,1.0163614692816119,1,1,c2_vs_c1_volume_state,C2_VOLUME_ACCELERATING
HOOD,3,3,3,0,0,0,100.0,66.66666666666667,1.6370789878390115,3.2645385491435612,0.6606606606606508,3.552783552783552,1,3,c2_vs_c1_volume_state,C2_VOLUME_ACCELERATING
INTC,3,3,2,1,0,0,66.66666666666667,66.66666666666667,2.010470092940503,1.372851762829627,1.920739119863844,1.3864818024263446,1,3,c2_vs_c1_volume_state,C2_VOLUME_ACCELERATING
IWM,1,0,0,0,0,1,,100.0,0.46235248952612734,0.2587170970272495,0.46235248952612734,0.2587170970272495,1,1,c2_vs_c1_volume_state,C2_VOLUME_ACCELERATING
JPM,1,1,1,0,0,0,100.0,0.0,1.1338881207662732,1.494795606918326,1.1338881207662732,1.494795606918326,1,1,c2_vs_c1_volume_state,C2_VOLUME_ACCELERATING
LLY,8,7,3,4,1,0,42.857142857142854,37.5,1.2417979151542309,1.7266095454785453,0.7919477728830402,1.8243376812234051,1,8,c2_vs_c1_volume_state,C2_VOLUME_ACCELERATING
LMT,8,8,5,3,0,0,62.5,37.5,2.03479479364522,1.1199508380715235,2.0479966593390335,0.7364824965137502,1,8,c2_vs_c1_volume_state,C2_VOLUME_ACCELERATING
LOW,3,3,2,1,0,0,66.66666666666667,0.0,0.9010689312198489,0.9469622363582476,0.661399963255541,0.951681058239953,1,3,c2_vs_c1_volume_state,C2_VOLUME_ACCELERATING
LRCX,3,3,2,1,0,0,66.66666666666667,66.66666666666667,1.8274204759278199,1.6978031890570382,1.902491469172156,1.2620950778292044,1,3,c2_vs_c1_volume_state,C2_VOLUME_ACCELERATING
LULU,2,2,0,2,0,0,0.0,50.0,0.32231993595630626,2.1393968825786955,0.32231993595630626,2.1393968825786955,1,2,c2_vs_c1_volume_state,C2_VOLUME_ACCELERATING
MCD,1,1,1,0,0,0,100.0,100.0,1.6685888611927577,0.6213028758510208,1.6685888611927577,0.6213028758510208,1,1,c2_vs_c1_volume_state,C2_VOLUME_ACCELERATING
META,1,1,1,0,0,0,100.0,0.0,0.9985907596260087,0.190929340990727,0.9985907596260087,0.190929340990727,1,1,c2_vs_c1_volume_state,C2_VOLUME_ACCELERATING
MNDY,5,5,2,3,0,0,40.0,20.0,1.5526943252219017,4.116379710533738,0.7198254474269112,4.040651401983589,1,5,c2_vs_c1_volume_state,C2_VOLUME_ACCELERATING
MRK,32,32,19,13,0,0,59.375,53.125,1.2687030266300792,0.9992376175488467,1.0641252547060458,0.6357207056759786,1,32,c2_vs_c1_volume_state,C2_VOLUME_ACCELERATING
MRNA,1,0,0,0,1,0,,100.0,2.5809094633346947,1.8435067595247818,2.5809094633346947,1.8435067595247818,1,1,c2_vs_c1_volume_state,C2_VOLUME_ACCELERATING
MS,35,35,17,18,0,0,48.57142857142857,57.142857142857146,1.0624157743203966,1.0697206752160275,0.7986037656018568,0.775982699402111,1,35,c2_vs_c1_volume_state,C2_VOLUME_ACCELERATING
MU,3,3,2,1,0,0,66.66666666666667,66.66666666666667,1.4471599910250454,2.003329026490743,1.9595666873663171,2.0900848170102284,1,3,c2_vs_c1_volume_state,C2_VOLUME_ACCELERATING
NEE,1,1,1,0,0,0,100.0,100.0,0.6534874119323516,1.2665758058716332,0.6534874119323516,1.2665758058716332,1,1,c2_vs_c1_volume_state,C2_VOLUME_ACCELERATING
NKE,3,2,0,2,1,0,0.0,33.333333333333336,2.8845765217313115,0.8766395425085233,2.648050072219551,0.7585459797785293,1,3,c2_vs_c1_volume_state,C2_VOLUME_ACCELERATING
NOW,2,1,1,0,1,0,100.0,100.0,2.084258961702976,1.299575803762675,2.084258961702976,1.299575803762675,1,2,c2_vs_c1_volume_state,C2_VOLUME_ACCELERATING
ORCL,63,61,29,32,2,0,47.540983606557376,49.20634920634921,2.1204291945578913,1.9320741706845173,1.7367066895368832,1.3835814995388023,1,63,c2_vs_c1_volume_state,C2_VOLUME_ACCELERATING
OXY,6,6,1,5,0,0,16.666666666666668,33.333333333333336,1.0819601756251107,2.944232418285449,1.058622492206713,2.0834936638677295,1,6,c2_vs_c1_volume_state,C2_VOLUME_ACCELERATING
PEP,2,2,1,1,0,0,50.0,50.0,1.724398329641598,0.5090135633878086,1.724398329641598,0.5090135633878086,1,2,c2_vs_c1_volume_state,C2_VOLUME_ACCELERATING
PFE,19,18,9,9,0,1,50.0,52.63157894736842,1.2905739612336422,0.7390219240254339,1.2555690562981054,0.6261361341143106,1,19,c2_vs_c1_volume_state,C2_VOLUME_ACCELERATING
PYPL,1,1,0,1,0,0,0.0,0.0,1.0250430726927744,1.3896381893806307,1.0250430726927744,1.3896381893806307,1,1,c2_vs_c1_volume_state,C2_VOLUME_ACCELERATING
QCOM,1,1,1,0,0,0,100.0,0.0,1.0053397164426507,0.8764500092064059,1.0053397164426507,0.8764500092064059,1,1,c2_vs_c1_volume_state,C2_VOLUME_ACCELERATING
RBLX,24,23,10,13,1,0,43.47826086956522,45.833333333333336,2.275501334029625,2.0900247632031124,1.6990160495162399,2.1734673868477756,1,24,c2_vs_c1_volume_state,C2_VOLUME_ACCELERATING
REGN,1,1,1,0,0,0,100.0,100.0,4.339250493096647,0.2840236686390528,4.339250493096647,0.2840236686390528,1,1,c2_vs_c1_volume_state,C2_VOLUME_ACCELERATING
SBUX,2,2,1,1,0,0,50.0,50.0,0.7176214916159265,2.010438240429072,0.7176214916159265,2.010438240429072,1,2,c2_vs_c1_volume_state,C2_VOLUME_ACCELERATING
SCHW,1,1,1,0,0,0,100.0,100.0,1.0252457527795709,0.2523519412093933,1.0252457527795709,0.2523519412093933,1,1,c2_vs_c1_volume_state,C2_VOLUME_ACCELERATING
SHOP,6,6,3,3,0,0,50.0,66.66666666666667,1.4809355746606876,1.3727237076892174,1.5187938842226631,0.8417312814889302,1,6,c2_vs_c1_volume_state,C2_VOLUME_ACCELERATING
SLB,6,6,4,2,0,0,66.66666666666667,50.0,1.0440713239233383,1.4464970783847748,0.894035325205685,0.939694687406381,1,6,c2_vs_c1_volume_state,C2_VOLUME_ACCELERATING
SNOW,8,8,5,3,0,0,62.5,50.0,3.148597015879207,1.5384708936309743,2.3835097798127007,1.2742357322041804,1,8,c2_vs_c1_volume_state,C2_VOLUME_ACCELERATING
SPY,1,1,1,0,0,0,100.0,0.0,0.6251658264791692,0.3349694879278293,0.6251658264791692,0.3349694879278293,1,1,c2_vs_c1_volume_state,C2_VOLUME_ACCELERATING
T,12,12,7,5,0,0,58.333333333333336,41.666666666666664,0.7944331940380821,1.2750750561303597,0.6392346055844618,0.7236766009507043,1,12,c2_vs_c1_volume_state,C2_VOLUME_ACCELERATING
TEAM,6,6,2,4,0,0,33.333333333333336,16.666666666666668,2.523660010014712,1.8769355823680984,2.503275497469004,1.2586473125676374,1,6,c2_vs_c1_volume_state,C2_VOLUME_ACCELERATING
TGT,6,5,2,3,1,0,40.0,66.66666666666667,1.3433899605943054,1.5561891944246042,0.6336685681296945,1.0767001689498792,1,6,c2_vs_c1_volume_state,C2_VOLUME_ACCELERATING
TMO,1,1,1,0,0,0,100.0,100.0,3.6082598719961347,0.0,3.6082598719961347,0.0,1,1,c2_vs_c1_volume_state,C2_VOLUME_ACCELERATING
TMUS,1,1,0,1,0,0,0.0,0.0,0.0,2.5245441795231454,0.0,2.5245441795231454,1,1,c2_vs_c1_volume_state,C2_VOLUME_ACCELERATING
TQQQ,3,3,0,3,0,0,0.0,0.0,0.8485817032555295,5.0914784270973685,0.6362058993637908,2.3807880753571298,1,3,c2_vs_c1_volume_state,C2_VOLUME_ACCELERATING
TSLA,8,8,5,3,0,0,62.5,25.0,2.975613587444147,1.8813607029475936,2.4834392946026247,0.8867255628666559,1,8,c2_vs_c1_volume_state,C2_VOLUME_ACCELERATING
TXN,2,2,1,1,0,0,50.0,50.0,1.3862860263930896,0.9941160964675789,1.3862860263930896,0.9941160964675789,1,2,c2_vs_c1_volume_state,C2_VOLUME_ACCELERATING
UBER,2,2,2,0,0,0,100.0,50.0,2.8176022018459435,1.4834869991080786,2.8176022018459435,1.4834869991080786,1,2,c2_vs_c1_volume_state,C2_VOLUME_ACCELERATING
UNH,3,3,2,1,0,0,66.66666666666667,33.333333333333336,0.914853531707133,1.588127999341572,0.7623162495033894,1.7879050594605306,1,3,c2_vs_c1_volume_state,C2_VOLUME_ACCELERATING
UPS,35,35,18,17,0,0,51.42857142857143,48.57142857142857,1.208862426425805,1.12269541717114,0.7593338198755146,0.8321198252548336,1,35,c2_vs_c1_volume_state,C2_VOLUME_ACCELERATING
URI,1,1,1,0,0,0,100.0,0.0,1.2457524416034995,3.0427963785851784,1.2457524416034995,3.0427963785851784,1,1,c2_vs_c1_volume_state,C2_VOLUME_ACCELERATING
V,1,1,0,1,0,0,0.0,0.0,1.598714908590214,0.9133328233764288,1.598714908590214,0.9133328233764288,1,1,c2_vs_c1_volume_state,C2_VOLUME_ACCELERATING
VRTX,1,1,1,0,0,0,100.0,100.0,2.1267864385751514,1.102760480041998,2.1267864385751514,1.102760480041998,1,1,c2_vs_c1_volume_state,C2_VOLUME_ACCELERATING
VZ,1,1,0,1,0,0,0.0,100.0,0.22630123208447647,1.0309278350515556,0.22630123208447647,1.0309278350515556,1,1,c2_vs_c1_volume_state,C2_VOLUME_ACCELERATING
XOM,48,47,23,24,0,1,48.93617021276596,47.916666666666664,0.8195918435124258,1.1944529693653705,0.5813244116121006,1.1638708660909343,1,48,c2_vs_c1_volume_state,C2_VOLUME_ACCELERATING
AAPL,4,3,2,1,0,1,66.66666666666667,50.0,0.8188234544548242,1.4952270572661677,0.6821417485675844,0.5327984733347153,1,4,low_c2_rvol_market_opposition_state,LOW_C2_RVOL_MARKET_OPPOSING
ABBV,8,8,4,4,0,0,50.0,25.0,1.0305147549407807,1.0234856321692076,0.9094840831887552,0.9687737310266077,1,8,low_c2_rvol_market_opposition_state,LOW_C2_RVOL_MARKET_OPPOSING
ABNB,7,7,5,2,0,0,71.42857142857143,42.857142857142854,1.587684626783341,0.5416941561875338,1.7155959546329271,0.4245591116917131,1,7,low_c2_rvol_market_opposition_state,LOW_C2_RVOL_MARKET_OPPOSING
ADBE,9,9,5,4,0,0,55.55555555555556,44.44444444444444,1.1865250540316619,1.6669419257222953,0.8444797098163733,1.8236024192118505,1,9,low_c2_rvol_market_opposition_state,LOW_C2_RVOL_MARKET_OPPOSING
AMAT,6,6,3,3,0,0,50.0,66.66666666666667,1.5393703339639409,2.0818443211892066,1.312860609042458,1.5475950102268112,1,6,low_c2_rvol_market_opposition_state,LOW_C2_RVOL_MARKET_OPPOSING
AMD,7,7,3,4,0,0,42.857142857142854,42.857142857142854,2.3197188511565914,1.379606385628279,0.9669473419630392,0.9856743502190978,1,7,low_c2_rvol_market_opposition_state,LOW_C2_RVOL_MARKET_OPPOSING
AMGN,4,3,2,1,0,1,66.66666666666667,100.0,1.2437816651236167,0.5884485122585913,0.9289366270390474,0.22896414354129146,1,4,low_c2_rvol_market_opposition_state,LOW_C2_RVOL_MARKET_OPPOSING
AMZN,8,8,6,2,0,0,75.0,62.5,1.3259514721407553,0.3041087502366102,1.2147267768931003,0.15381887843268996,1,8,low_c2_rvol_market_opposition_state,LOW_C2_RVOL_MARKET_OPPOSING
ANET,8,8,5,3,0,0,62.5,62.5,2.713462806556526,1.5411041678313415,3.0402297499128754,1.1738743242080332,1,8,low_c2_rvol_market_opposition_state,LOW_C2_RVOL_MARKET_OPPOSING
APP,13,13,9,4,0,0,69.23076923076923,76.92307692307692,2.4927271464854246,1.7889077248096248,2.7721628645682928,0.7313035341538964,1,13,low_c2_rvol_market_opposition_state,LOW_C2_RVOL_MARKET_OPPOSING
ARM,12,12,6,6,0,0,50.0,58.333333333333336,1.8590311317141388,1.9250566436900982,1.6785860019119392,1.5422388877560897,1,12,low_c2_rvol_market_opposition_state,LOW_C2_RVOL_MARKET_OPPOSING
ASML,10,10,4,6,0,0,40.0,40.0,0.9680459750782925,1.069597936790624,0.7385631936026257,0.8960905789620096,1,10,low_c2_rvol_market_opposition_state,LOW_C2_RVOL_MARKET_OPPOSING
AVGO,7,7,2,5,0,0,28.571428571428573,28.571428571428573,0.7149241037859259,1.8275151960728861,0.501303866350713,1.601676411541458,1,7,low_c2_rvol_market_opposition_state,LOW_C2_RVOL_MARKET_OPPOSING
AXON,4,4,1,3,0,0,25.0,25.0,1.4835131654044624,1.5313382636382111,1.1685130649927,1.1624797643114975,1,4,low_c2_rvol_market_opposition_state,LOW_C2_RVOL_MARKET_OPPOSING
AXP,7,7,4,3,0,0,57.142857142857146,71.42857142857143,1.7885110893755372,0.783078930337032,1.3471137847177717,0.4000640102416387,1,7,low_c2_rvol_market_opposition_state,LOW_C2_RVOL_MARKET_OPPOSING
BA,4,4,2,2,0,0,50.0,50.0,2.0738467277250745,0.563046351244316,1.9541948932897169,0.5606185086734801,1,4,low_c2_rvol_market_opposition_state,LOW_C2_RVOL_MARKET_OPPOSING
BAC,5,5,2,3,0,0,40.0,40.0,0.4935045921784537,1.1717273010885667,0.45964553100098193,1.1480214948705396,1,5,low_c2_rvol_market_opposition_state,LOW_C2_RVOL_MARKET_OPPOSING
BKNG,1,1,0,1,0,0,0.0,0.0,0.11986180638792707,1.5205997790782455,0.11986180638792707,1.5205997790782455,1,1,low_c2_rvol_market_opposition_state,LOW_C2_RVOL_MARKET_OPPOSING
BLK,4,3,2,1,0,1,66.66666666666667,75.0,1.9775946758004774,0.544659926065838,0.9528451301825311,0.5175885789251984,1,4,low_c2_rvol_market_opposition_state,LOW_C2_RVOL_MARKET_OPPOSING
BMY,8,8,5,3,0,0,62.5,25.0,1.395104646001645,0.5370318444547001,1.4225234891031797,0.481082560535803,1,8,low_c2_rvol_market_opposition_state,LOW_C2_RVOL_MARKET_OPPOSING
C,12,12,8,4,0,0,66.66666666666667,41.666666666666664,1.6301631748762289,1.0555863468977782,1.20416621206022,1.119238123033916,1,12,low_c2_rvol_market_opposition_state,LOW_C2_RVOL_MARKET_OPPOSING
CAT,2,2,1,1,0,0,50.0,50.0,1.0140840825977548,0.7587179350103825,1.0140840825977548,0.7587179350103825,1,2,low_c2_rvol_market_opposition_state,LOW_C2_RVOL_MARKET_OPPOSING
CEG,4,4,2,2,0,0,50.0,25.0,1.391645861457741,1.5070241995684155,1.449054549869171,0.9950798861922946,1,4,low_c2_rvol_market_opposition_state,LOW_C2_RVOL_MARKET_OPPOSING
CMCSA,2,2,1,1,0,0,50.0,50.0,1.1144915625145702,0.6657001701880668,1.1144915625145702,0.6657001701880668,1,2,low_c2_rvol_market_opposition_state,LOW_C2_RVOL_MARKET_OPPOSING
CME,5,5,2,3,0,0,40.0,40.0,0.6994272839387371,0.9214387456322338,0.4419387105574363,0.9107129581443928,1,5,low_c2_rvol_market_opposition_state,LOW_C2_RVOL_MARKET_OPPOSING
CMG,13,13,9,4,0,0,69.23076923076923,38.46153846153846,1.6902722792856262,0.7784624714776397,1.3027295285359852,0.8128137700215069,1,13,low_c2_rvol_market_opposition_state,LOW_C2_RVOL_MARKET_OPPOSING
COIN,15,15,7,8,0,0,46.666666666666664,40.0,1.9191235810502651,2.7724401670832797,1.2290062981105678,2.729181245626304,1,15,low_c2_rvol_market_opposition_state,LOW_C2_RVOL_MARKET_OPPOSING
COP,5,5,2,3,0,0,40.0,60.0,0.6427896862948693,1.5005569119558768,0.43873152709359087,1.3675351998705274,1,5,low_c2_rvol_market_opposition_state,LOW_C2_RVOL_MARKET_OPPOSING
COST,3,3,2,1,0,0,66.66666666666667,66.66666666666667,0.5924509037286229,1.3217218326106224,0.6040006927606433,0.8811247559981297,1,3,low_c2_rvol_market_opposition_state,LOW_C2_RVOL_MARKET_OPPOSING
CRM,12,11,4,7,0,1,36.36363636363637,50.0,1.094758989798654,1.1789442183724812,0.7790098429359088,1.1484225591180226,1,12,low_c2_rvol_market_opposition_state,LOW_C2_RVOL_MARKET_OPPOSING
CRWD,5,5,4,1,0,0,80.0,40.0,2.1747729897706183,0.5373096013234109,2.2207394497697006,0.5509697066837634,1,5,low_c2_rvol_market_opposition_state,LOW_C2_RVOL_MARKET_OPPOSING
CSCO,7,7,5,2,0,0,71.42857142857143,42.857142857142854,0.6627947957528172,0.7843444488865922,0.6170650400737673,0.631250443293841,1,7,low_c2_rvol_market_opposition_state,LOW_C2_RVOL_MARKET_OPPOSING
CVS,8,8,4,4,0,0,50.0,0.0,1.8058199664327406,0.776237703515769,1.9352417224462062,0.4914410144567739,1,8,low_c2_rvol_market_opposition_state,LOW_C2_RVOL_MARKET_OPPOSING
CVX,8,8,6,2,0,0,75.0,75.0,1.074389506326084,0.7738561960128598,0.8389053057809719,0.5287155444478954,1,8,low_c2_rvol_market_opposition_state,LOW_C2_RVOL_MARKET_OPPOSING
DASH,7,7,3,4,0,0,42.857142857142854,28.571428571428573,1.3394073528047625,2.5844408380248574,1.096121416526136,1.9300921934071742,1,7,low_c2_rvol_market_opposition_state,LOW_C2_RVOL_MARKET_OPPOSING
DDOG,4,4,2,2,0,0,50.0,50.0,1.3190786445705212,3.4978739106252807,0.8633031418493018,3.6010927569223963,1,4,low_c2_rvol_market_opposition_state,LOW_C2_RVOL_MARKET_OPPOSING
DE,1,1,0,1,0,0,0.0,0.0,0.18273402424115304,0.9601356559004461,0.18273402424115304,0.9601356559004461,1,1,low_c2_rvol_market_opposition_state,LOW_C2_RVOL_MARKET_OPPOSING
DELL,9,8,5,3,1,0,62.5,66.66666666666667,2.1224106255113773,1.0604893132737827,1.461061165615946,0.7728813559321941,1,9,low_c2_rvol_market_opposition_state,LOW_C2_RVOL_MARKET_OPPOSING
DIS,11,11,5,6,0,0,45.45454545454545,45.45454545454545,0.8462673071272995,0.9057913564815077,0.8837209302325608,0.5410636519597016,1,11,low_c2_rvol_market_opposition_state,LOW_C2_RVOL_MARKET_OPPOSING
EOG,4,4,2,2,0,0,50.0,50.0,1.1439857194061966,1.0858115593927296,1.2838334030506493,1.1916686676808883,1,4,low_c2_rvol_market_opposition_state,LOW_C2_RVOL_MARKET_OPPOSING
ETN,4,4,0,4,0,0,0.0,50.0,1.4781073620039624,1.6745970450840875,1.4159634829201773,1.5663044825430572,1,4,low_c2_rvol_market_opposition_state,LOW_C2_RVOL_MARKET_OPPOSING
FDX,3,3,2,1,0,0,66.66666666666667,33.333333333333336,0.8769811734144919,1.1134849190801543,0.8668908157848056,0.41762519907981127,1,3,low_c2_rvol_market_opposition_state,LOW_C2_RVOL_MARKET_OPPOSING
GE,9,9,4,5,0,0,44.44444444444444,44.44444444444444,1.5601977237332267,0.9350465128788331,1.526242280444924,0.9281236686750689,1,9,low_c2_rvol_market_opposition_state,LOW_C2_RVOL_MARKET_OPPOSING
GILD,7,7,6,1,0,0,85.71428571428571,71.42857142857143,1.7804244208311724,0.5572133256773759,1.5494931179427969,0.3257042253521042,1,7,low_c2_rvol_market_opposition_state,LOW_C2_RVOL_MARKET_OPPOSING
GOOG,6,6,3,3,0,0,50.0,50.0,1.4212043834935164,0.7793238895918666,0.964759879244033,0.6542397975009331,1,6,low_c2_rvol_market_opposition_state,LOW_C2_RVOL_MARKET_OPPOSING
GS,5,5,2,3,0,0,40.0,60.0,0.6963663586823543,2.43795999936657,0.6275018214545999,2.55519337082542,1,5,low_c2_rvol_market_opposition_state,LOW_C2_RVOL_MARKET_OPPOSING
HAL,2,1,0,1,1,0,0.0,0.0,0.8930840291161355,1.8952253206279992,0.8930840291161355,1.8952253206279992,1,2,low_c2_rvol_market_opposition_state,LOW_C2_RVOL_MARKET_OPPOSING
HD,6,6,4,2,0,0,66.66666666666667,50.0,1.0201105697811903,0.9343818205271032,0.8761492845218709,0.889466019829337,1,6,low_c2_rvol_market_opposition_state,LOW_C2_RVOL_MARKET_OPPOSING
HON,4,4,2,2,0,0,50.0,50.0,1.2785829809536842,0.39037085706954416,0.6020355720003808,0.3756553816385789,1,4,low_c2_rvol_market_opposition_state,LOW_C2_RVOL_MARKET_OPPOSING
HOOD,11,11,5,6,0,0,45.45454545454545,36.36363636363637,1.756738947486636,3.3253431230783743,1.260602614452238,3.7101013894104375,1,11,low_c2_rvol_market_opposition_state,LOW_C2_RVOL_MARKET_OPPOSING
IBM,7,7,5,2,0,0,71.42857142857143,42.857142857142854,2.081763940879339,0.7063278402966434,1.6950109894126146,0.5359926953037324,1,7,low_c2_rvol_market_opposition_state,LOW_C2_RVOL_MARKET_OPPOSING
INTC,8,8,6,2,0,0,75.0,37.5,3.300265732107497,2.218005135919827,3.381700223839378,0.8930438914662711,1,8,low_c2_rvol_market_opposition_state,LOW_C2_RVOL_MARKET_OPPOSING
ISRG,4,4,3,1,0,0,75.0,50.0,0.8800841530713709,0.4582032532600978,0.9903434691690294,0.488406402787169,1,4,low_c2_rvol_market_opposition_state,LOW_C2_RVOL_MARKET_OPPOSING
IWM,6,6,6,0,0,0,100.0,83.33333333333333,0.8540866349844504,0.19819742303489987,0.7967854444358262,0.09037617963656622,1,6,low_c2_rvol_market_opposition_state,LOW_C2_RVOL_MARKET_OPPOSING
JNJ,6,6,1,5,0,0,16.666666666666668,0.0,0.17856791629466218,1.3650480289904783,0.04784023453311899,1.2398676874414103,1,6,low_c2_rvol_market_opposition_state,LOW_C2_RVOL_MARKET_OPPOSING
JPM,4,4,2,2,0,0,50.0,50.0,0.8494236409331148,0.7055390552172995,0.47709469059189025,0.7067754852628472,1,4,low_c2_rvol_market_opposition_state,LOW_C2_RVOL_MARKET_OPPOSING
KLAC,4,4,2,2,0,0,50.0,50.0,0.9105001179300152,3.294602028784148,0.3440511094073241,2.0572338683996714,1,4,low_c2_rvol_market_opposition_state,LOW_C2_RVOL_MARKET_OPPOSING
LLY,8,8,6,2,0,0,75.0,37.5,1.2979703311130237,0.9108300524853505,1.1316003121407407,0.8117110912785409,1,8,low_c2_rvol_market_opposition_state,LOW_C2_RVOL_MARKET_OPPOSING
LMT,6,6,5,1,0,0,83.33333333333333,33.333333333333336,1.0104015396353125,0.8980258541858243,1.009720226661792,0.43498575300787456,1,6,low_c2_rvol_market_opposition_state,LOW_C2_RVOL_MARKET_OPPOSING
LOW,4,4,3,1,0,0,75.0,75.0,1.2588365512424744,0.521523498816193,1.2625325869298138,0.45075463585259545,1,4,low_c2_rvol_market_opposition_state,LOW_C2_RVOL_MARKET_OPPOSING
LRCX,6,6,3,3,0,0,50.0,66.66666666666667,1.624694643277017,2.8420321428697304,1.435729103719784,2.8133166329409205,1,6,low_c2_rvol_market_opposition_state,LOW_C2_RVOL_MARKET_OPPOSING
LULU,6,6,4,2,0,0,66.66666666666667,50.0,2.1396394893936415,0.8531209040727473,2.126182791100671,0.6392559294615083,1,6,low_c2_rvol_market_opposition_state,LOW_C2_RVOL_MARKET_OPPOSING
MA,3,3,1,2,0,0,33.333333333333336,66.66666666666667,0.9736430350032933,0.4907134790926289,1.21870519466196,0.6195393169181874,1,3,low_c2_rvol_market_opposition_state,LOW_C2_RVOL_MARKET_OPPOSING
MCD,4,4,1,3,0,0,25.0,75.0,0.5587548976455724,0.9108290323935713,0.29805935489869095,1.0862396370610186,1,4,low_c2_rvol_market_opposition_state,LOW_C2_RVOL_MARKET_OPPOSING
META,11,11,6,5,0,0,54.54545454545455,72.72727272727273,1.0759776043730123,1.0378062582434164,0.7211086865417143,0.9045541070631541,1,11,low_c2_rvol_market_opposition_state,LOW_C2_RVOL_MARKET_OPPOSING
MNDY,6,6,2,4,0,0,33.333333333333336,33.333333333333336,1.9894471593597893,1.6583849420839505,1.6046235448352517,1.2331345746064966,1,6,low_c2_rvol_market_opposition_state,LOW_C2_RVOL_MARKET_OPPOSING
MRK,8,8,5,3,0,0,62.5,62.5,1.3185509355729175,0.5478277312659123,1.4163900926972293,0.4270776373381213,1,8,low_c2_rvol_market_opposition_state,LOW_C2_RVOL_MARKET_OPPOSING
MRNA,5,5,4,1,0,0,80.0,60.0,3.9707237947373315,1.1748906876935665,4.165807382965552,0.4330789853578074,1,5,low_c2_rvol_market_opposition_state,LOW_C2_RVOL_MARKET_OPPOSING
MRVL,9,9,6,3,0,0,66.66666666666667,77.77777777777777,1.3449294965081213,2.0287963498544936,1.4722326619432706,1.5909860244692646,1,9,low_c2_rvol_market_opposition_state,LOW_C2_RVOL_MARKET_OPPOSING
MS,17,17,8,9,0,0,47.05882352941177,58.8235294117647,0.9758910029321325,0.9504626883506141,0.9869498105617727,0.5254877281309049,1,17,low_c2_rvol_market_opposition_state,LOW_C2_RVOL_MARKET_OPPOSING
MSFT,7,7,5,2,0,0,71.42857142857143,42.857142857142854,0.9160856789400759,0.6918501057446507,0.8473011509344923,0.49700845230934004,1,7,low_c2_rvol_market_opposition_state,LOW_C2_RVOL_MARKET_OPPOSING
MU,7,7,4,3,0,0,57.142857142857146,57.142857142857146,2.312868100427733,1.7004624735787905,1.659983507179413,1.148459383753496,1,7,low_c2_rvol_market_opposition_state,LOW_C2_RVOL_MARKET_OPPOSING
NEE,9,8,2,6,0,1,25.0,22.22222222222222,0.5645095717904877,1.698462094723368,0.34169980119285,1.0015516998166085,1,9,low_c2_rvol_market_opposition_state,LOW_C2_RVOL_MARKET_OPPOSING
NFLX,7,7,5,2,0,0,71.42857142857143,42.857142857142854,0.9201678845063517,1.1235715177165901,0.9764046241291393,0.7656316461080529,1,7,low_c2_rvol_market_opposition_state,LOW_C2_RVOL_MARKET_OPPOSING
NKE,7,7,3,4,0,0,42.857142857142854,71.42857142857143,0.9247370284072254,1.375068225797097,1.03330662596404,0.8251221661459595,1,7,low_c2_rvol_market_opposition_state,LOW_C2_RVOL_MARKET_OPPOSING
NOW,11,11,5,6,0,0,45.45454545454545,45.45454545454545,1.8149972841664948,1.6719854150642055,1.4975369458128178,1.3733468972533005,1,11,low_c2_rvol_market_opposition_state,LOW_C2_RVOL_MARKET_OPPOSING
NVDA,3,3,1,2,0,0,33.333333333333336,66.66666666666667,1.8424275629392086,0.7196894628404812,2.0822866074917603,0.9124655922963141,1,3,low_c2_rvol_market_opposition_state,LOW_C2_RVOL_MARKET_OPPOSING
ORCL,22,21,14,7,1,0,66.66666666666667,59.09090909090909,2.0196112622206073,1.6127756206495976,1.7122532762283451,1.2112362732111275,1,22,low_c2_rvol_market_opposition_state,LOW_C2_RVOL_MARKET_OPPOSING
OXY,10,10,6,4,0,0,60.0,70.0,0.8652926208776686,1.685896341526686,0.7463066640087662,1.0542886342140039,1,10,low_c2_rvol_market_opposition_state,LOW_C2_RVOL_MARKET_OPPOSING
PANW,3,3,2,1,0,0,66.66666666666667,66.66666666666667,1.0917291288376345,1.6792107949113817,0.940484937545916,1.7001545595054175,1,3,low_c2_rvol_market_opposition_state,LOW_C2_RVOL_MARKET_OPPOSING
PEP,9,6,3,3,0,3,50.0,55.55555555555556,0.6536328491364394,0.592404718067869,0.5778285062063078,0.4675590853775816,1,9,low_c2_rvol_market_opposition_state,LOW_C2_RVOL_MARKET_OPPOSING
PFE,8,8,3,5,0,0,37.5,37.5,1.3143869287198755,0.5945378057278201,1.1274855137310122,0.6183981496936031,1,8,low_c2_rvol_market_opposition_state,LOW_C2_RVOL_MARKET_OPPOSING
PLTR,7,7,2,5,0,0,28.571428571428573,57.142857142857146,1.638460415274937,1.2578407132714642,1.514845808663815,0.6465939520606159,1,7,low_c2_rvol_market_opposition_state,LOW_C2_RVOL_MARKET_OPPOSING
PYPL,3,3,2,1,0,0,66.66666666666667,66.66666666666667,1.8281914749961976,0.4115531256226939,2.387527839643659,0.44353871973148473,1,3,low_c2_rvol_market_opposition_state,LOW_C2_RVOL_MARKET_OPPOSING
QCOM,10,10,7,3,0,0,70.0,60.0,2.7907527919443877,0.7974380352981723,1.520849215450239,0.7771804834229254,1,10,low_c2_rvol_market_opposition_state,LOW_C2_RVOL_MARKET_OPPOSING
QQQ,7,5,1,4,0,2,20.0,57.142857142857146,0.4605358982137321,0.6747812487334215,0.2619000851175128,0.7061057378508215,1,7,low_c2_rvol_market_opposition_state,LOW_C2_RVOL_MARKET_OPPOSING
RBLX,9,9,6,3,0,0,66.66666666666667,33.333333333333336,1.712955359847073,1.7675281810886063,1.6333938294010864,1.6382512620249539,1,9,low_c2_rvol_market_opposition_state,LOW_C2_RVOL_MARKET_OPPOSING
REGN,1,1,0,1,0,0,0.0,100.0,1.371332986160434,0.689611639760749,1.371332986160434,0.689611639760749,1,1,low_c2_rvol_market_opposition_state,LOW_C2_RVOL_MARKET_OPPOSING
RTX,5,5,3,2,0,0,60.0,60.0,1.3141803297135128,0.7903765837546971,0.692221808708602,0.8572021236635979,1,5,low_c2_rvol_market_opposition_state,LOW_C2_RVOL_MARKET_OPPOSING
SBUX,4,4,2,2,0,0,50.0,50.0,0.7942529837268231,0.6583353671171078,0.8884846977813872,0.6865312530610999,1,4,low_c2_rvol_market_opposition_state,LOW_C2_RVOL_MARKET_OPPOSING
SCHW,4,4,2,2,0,0,50.0,75.0,0.9150126581232374,0.9678453835542601,0.7738471446623585,0.9410385377490007,1,4,low_c2_rvol_market_opposition_state,LOW_C2_RVOL_MARKET_OPPOSING
SHOP,3,3,3,0,0,0,100.0,100.0,2.1759345061129154,0.4415064290435291,1.9529177718833033,0.38461538461537403,1,3,low_c2_rvol_market_opposition_state,LOW_C2_RVOL_MARKET_OPPOSING
SLB,7,7,3,4,0,0,42.857142857142854,57.142857142857146,0.9603370252946766,1.1359130357189582,0.9332711152589827,1.5208333333333268,1,7,low_c2_rvol_market_opposition_state,LOW_C2_RVOL_MARKET_OPPOSING
SNOW,8,8,6,2,0,0,75.0,50.0,1.4274272881887182,1.7593538701482514,1.721054566901103,1.4486452592814805,1,8,low_c2_rvol_market_opposition_state,LOW_C2_RVOL_MARKET_OPPOSING
SPY,7,5,3,2,0,2,60.0,71.42857142857143,0.3803094883470491,0.37477988390525024,0.3572623268883333,0.1932647243561942,1,7,low_c2_rvol_market_opposition_state,LOW_C2_RVOL_MARKET_OPPOSING
T,11,10,6,4,0,1,60.0,72.72727272727273,1.077828423428672,0.6480491945041451,0.9181799632728073,0.3702332469455678,1,11,low_c2_rvol_market_opposition_state,LOW_C2_RVOL_MARKET_OPPOSING
TEAM,7,7,6,1,0,0,85.71428571428571,85.71428571428571,1.7839970020487494,1.9136040726697412,1.9017337572739743,2.146282659398831,1,7,low_c2_rvol_market_opposition_state,LOW_C2_RVOL_MARKET_OPPOSING
TGT,4,4,3,1,0,0,75.0,50.0,1.0029146008799306,1.749637803712829,0.9769634865989997,1.2874446040656062,1,4,low_c2_rvol_market_opposition_state,LOW_C2_RVOL_MARKET_OPPOSING
TMO,4,4,3,1,0,0,75.0,0.0,1.028410782141601,1.0654795415985954,1.077754854143724,0.904154746454271,1,4,low_c2_rvol_market_opposition_state,LOW_C2_RVOL_MARKET_OPPOSING
TMUS,8,7,4,3,0,1,57.142857142857146,87.5,1.2299691180485954,0.6092458389290394,0.7079356495742937,0.5497009325712936,1,8,low_c2_rvol_market_opposition_state,LOW_C2_RVOL_MARKET_OPPOSING
TQQQ,6,6,5,1,0,0,83.33333333333333,50.0,1.7265546133858676,0.9361426146133235,2.0365132610511933,0.212232434548144,1,6,low_c2_rvol_market_opposition_state,LOW_C2_RVOL_MARKET_OPPOSING
TSLA,7,7,3,4,0,0,42.857142857142854,57.142857142857146,0.9219447968307634,2.387845100950161,0.8246604193395797,2.1314210894917918,1,7,low_c2_rvol_market_opposition_state,LOW_C2_RVOL_MARKET_OPPOSING
TXN,9,9,4,5,0,0,44.44444444444444,44.44444444444444,1.0943406181402195,1.1182339248812303,1.033980245657058,0.5366519395803921,1,9,low_c2_rvol_market_opposition_state,LOW_C2_RVOL_MARKET_OPPOSING
UBER,11,11,7,4,0,0,63.63636363636363,63.63636363636363,1.2386013621556669,1.4369847685723822,1.171458998935031,1.3174670633234264,1,11,low_c2_rvol_market_opposition_state,LOW_C2_RVOL_MARKET_OPPOSING
UNH,6,6,4,2,0,0,66.66666666666667,66.66666666666667,1.047923435465097,1.2894550697960465,1.0940740609505082,0.738956083971209,1,6,low_c2_rvol_market_opposition_state,LOW_C2_RVOL_MARKET_OPPOSING
UPS,9,9,5,4,0,0,55.55555555555556,44.44444444444444,1.2563632991444085,0.8816690299869989,1.374287996965181,0.5052275823222185,1,9,low_c2_rvol_market_opposition_state,LOW_C2_RVOL_MARKET_OPPOSING
URI,2,2,0,2,0,0,0.0,50.0,0.37863841471833115,1.4005736915419935,0.37863841471833115,1.4005736915419935,1,2,low_c2_rvol_market_opposition_state,LOW_C2_RVOL_MARKET_OPPOSING
V,6,6,2,4,0,0,33.333333333333336,16.666666666666668,0.5159302582945496,0.921929635735799,0.32778346064618835,0.9840887401044636,1,6,low_c2_rvol_market_opposition_state,LOW_C2_RVOL_MARKET_OPPOSING
VRTX,4,4,2,2,0,0,50.0,25.0,0.6179439260156193,1.5620011275988144,0.5199808392621652,1.7009497175168278,1,4,low_c2_rvol_market_opposition_state,LOW_C2_RVOL_MARKET_OPPOSING
VZ,1,1,0,1,0,0,0.0,0.0,1.4865151836907957,0.6795497982586541,1.4865151836907957,0.6795497982586541,1,1,low_c2_rvol_market_opposition_state,LOW_C2_RVOL_MARKET_OPPOSING
WMT,4,4,3,1,0,0,75.0,25.0,1.2040627888820055,0.7623833974415836,1.269683820037576,0.5488571577958294,1,4,low_c2_rvol_market_opposition_state,LOW_C2_RVOL_MARKET_OPPOSING
XOM,10,10,3,7,0,0,30.0,30.0,0.48063475521192717,1.408749945234906,0.33260637403840654,1.598838669975101,1,10,low_c2_rvol_market_opposition_state,LOW_C2_RVOL_MARKET_OPPOSING
